mo	62553
ki	19475
a’di	15977
dhali	15862
jin	13173
uni	9218
e	8550
gwo	8456
tani	6954
ma	6927
be	6133
ka	5622
kun	5267
aha/	5168
gi	5113
is	4709
ta	4135
gom	3535
mii	3372
um	3340
/e	3293
’kwani	3108
piti	3051
to	2611
hili	2483
me’d	2462
’peni	2375
arumgimis	2333
haali/	2165
tap̱a	2056
pem	2018
midi	1895
mina	1829
pini	1775
mini	1770
dhala	1663
o	1528
’baar	1507
bwa	1463
buni	1434
wakan	1344
kamu/	1338
eya	1332
ris	1249
gway	1217
gun	1174
gana/	1172
si’da/	1140
gwansan	1137
yesus	1120
minu	1120
ta’da	1102
’kup̱	1079
yan	1015
’de/	1006
diki	1003
i	1001
ana	973
yisa	966
ap̱o/	921
sho’k	916
aris	915
tana	878
aman	852
bway	851
pa	848
waḵki/	826
sule/	825
’koki	818
gu’b	782
wathi/	772
yi’de/	769
bum	758
isi	750
’cesh	738
dhalki	724
walla	715
goma	696
’taki	683
’twa/	678
bampa/	647
gwom	640
yansan	637
pije/	620
mony’cesh	616
tiya	613
’kon	551
she/	548
c̱i	546
ḵrist͟hos	539
gwoŋḵan	536
nyaḵki	534
mmo/o	533
ayy	532
yan’ko’d	522
bwam	503
momis	481
ṯor	480
kan	476
’pen	472
di’d	468
yim	466
mish	464
di	462
ṯal	460
gam	458
jiŋ	456
dhalku/	437
’pena	435
ya/	425
bana	422
bu’th	421
’deṯe/	418
mis	413
shi/in	410
cim	408
kar	406
’deŋ	401
ya	399
c̱inu	399
jan	395
miinthus	389
mmota	387
p̱o/	378
dhu	372
thus	371
bwaman	364
su/	363
pam	362
dhan	355
ona	354
dar	350
buŋgwar	350
ḵar/e	344
thoḵ	343
yahuuda/	337
pan	336
ji	336
nyor	335
du	332
me’da	329
oki	328
shwane/	327
’koni	326
yuḵ	325
p̱u’dki’d	325
jwa	325
’ba/	318
tente/	318
doḵ/e	314
dhal	306
tee	301
’ko	298
’kona	297
israyiil	295
tom	289
isa	288
mo/en	282
masir	277
miim	275
ca	275
’bor	273
yil	273
yakuub	271
yaki’d	269
mom’bi’th	268
bam	268
maliḵ	262
yuḵu	261
wosh	259
moŋgam	258
dina	258
’kwarkunu	257
ṯu’c	254
iss	253
am	253
kagahara	252
pesu/	249
gwon	249
’kume’d	246
i’ce’dka	246
wana	244
dum	243
wathiŋ	241
imanciḵ	239
’taa	238
’kokin	237
’ban	236
jasi	236
iya/	236
musa	235
’ko’d	232
gwoŋ	232
ḵa’bal	230
c̱iŋkina/	228
’boro’d	227
ntagi	227
ayim	225
mmomii	224
dhelel	224
miikina	223
c̱iki	223
’kosh	222
ḵumma/	221
p̱ar	219
’kus	214
’the	212
misha	212
bu’thki	212
ga	211
caaca	209
paŋ	208
’kwanimpa	206
o’d	206
naskina/	206
onu	205
ibrahiim	205
nṯwa/a/	204
mowa	204
waḵ	203
cwa	202
’peŋkuman	200
p̱irawn	200
ita	199
’twam	198
’kwaniŋ	198
tonṯe/	198
kwara	198
bas	198
ciḵki	197
’borga/	194
nyaŋ’ko’d	194
miina	193
diki’d	193
ṯora	192
kum	190
em	189
’kwanim	188
p̱u’du/	186
wathin	185
umi	185
hila	184
jim	183
iikin	183
’te/	182
c̱aan	181
’kwaniny’cesh	180
p̱u’dkin	180
mom	180
ṯwa/a/	179
baba	179
yuusup̱	178
toŋ	178
di’da	176
ya/m	175
nyaḵ	175
buṯerus	175
ari	174
mom’bor	173
’pemen	172
monyca	171
uc̱i	170
miga/	170
gamki	170
tap̱am	169
mol	169
dho’th	169
wu	168
ap̱owa	168
urushaliim	167
dinaki	167
c̱iŋkinam	167
yin	166
bwaŋ	166
ḵogu	165
ciki/	164
atinta	164
miiki	163
ḵur	163
’ce’d	162
dhunu	162
ciḵ	162
miinu	160
jahanne/	160
kam	158
mmoc̱i	157
ha	157
ṯorki	156
jamas	155
’bore/	154
ku	154
ii	153
tonthus	151
c̱a’b	151
’ko’di	150
nyanye/	150
dwall	150
yohaan	149
this	149
com	149
buulus	149
c̱a’bki’d	148
miin	147
risa	146
p̱arki	146
dhalka	146
dawuu’d	146
babam	146
waambuhany	144
mondiki/e	143
ibwa	143
bim	143
maman	142
kal	142
ibwambori	142
yempa/	141
shwa	141
mowu	141
’kwanin	137
moŋkush	137
jis	137
mondheleladhelel	136
emen	134
’bom	133
ikam	133
burrinye/	133
a’diyin	133
shi/	132
ḵaniisa	130
dem	130
mon’thiny	129
mishki	129
dheleladhelel	129
mowot͟h	128
mishi	128
rem	127
mmoṯor	127
luŋgu’b	126
ko	126
gamu	126
warki’d	124
ṯelu	124
ye	123
kadhamo/	123
haala	122
’dolkon	121
up̱	120
’tham	119
to/e	119
ba	118
mmo/ii	116
hashki	115
turga/	114
tur	114
poros	114
owa	113
moŋḵu’th	113
nyaḵka	112
montul	110
ḵo/	110
doṯ	109
ba/	109
isiŋ	108
hil	108
yili	107
p̱i	107
ca’d	107
burrinyem	107
ṯorkina	105
p̱o/i	105
jaŋ	105
imanmii	105
sus	104
nycine/	104
mondiki/em	104
iwaḵ	104
di’di	104
yis	103
is/hak	103
doshi	103
’teŋ	102
rum	102
arisa	100
ababam	100
’bi’th	99
ta’d	99
kuŋ	99
pitiŋ	98
okina	98
miiyi	98
me’di	98
maŋ	98
karu	98
’twa/a	97
mishu	97
ṯe/	96
nyaḵum	96
kaja	96
yayu/	95
thoḵki	95
p̱arkina	95
munyjal	95
mun	95
mal	95
igasiis	95
guurush	95
’kokina	94
’ci	94
jis/em	94
iman’doyu	94
gama	94
ruma	93
mmodhu	93
ḵal	93
kush	93
’konuki	92
takina	92
dhana	90
yuḵkunu	89
wot͟h	89
tul	89
p̱arisiyiin	89
c̱ikunu	89
can	89
ushi	88
imanc̱i	88
sa/	87
en	87
bampam	87
’kosha	86
mmoshwa	86
ilu/	86
’cunycuri	85
oki’da	85
c̱ikina	85
ton	84
tan	83
pany	83
ḵursi	83
gasiis	83
dhul	83
cwany’cit͟han	83
moshirr	82
mmobol	82
eḵ	82
’ko’da	81
yuḵki	81
ṯori	81
sijin	81
miiya	81
kata	81
iisu	81
he’k	81
doŋon	81
cuki	81
adum	81
ababa	81
wuki’d	80
uma	80
simaan	80
mmonṯal	80
doshki’d	80
ciḵkina	80
’boruwa	79
p̱u’dkina	79
mon’thamo/	79
mmo’ko	79
ibabam	79
imina	78
ibwambor	78
uc̱im	77
mondhurumi’d	77
embul	77
wa	76
mee	76
karkina	76
bu’thkina	76
a’din	76
abuulus	76
’de’k	75
yaku/	75
luŋ	75
kap̱e/	75
imun	75
c̱iyi	75
mudhe’d	74
miikunu	74
gwat͟h	74
dhuru’c	74
’twaŋkal	73
’cit͟h	73
ush	73
mura’th	73
man’doyu	73
maaŋḵuthu’d	73
gamkina	73
eḵa/	73
’bi’th/e	72
ṯel	72
nye	72
ntaga	72
nsho’k	72
mmomiiya	72
mmokar	72
ish	72
cu	72
bwambori	72
mmoya	71
kanaan	71
gwar	71
ṯelki	70
raḵ	70
miinyc̱al	70
mar	70
isu/	70
hash	70
haruun	70
dhamo/	70
’bwa/	69
’bora	69
wukin	69
enthus	69
dhuki	69
’kuwosh	68
mombwaasho	68
karki	68
jaliil	68
amusa	68
al	68
monṯo’c	67
gwanyjaḵa/	67
c̱a’bki	67
bwan	67
adhan	67
’bitha’bi’th	66
mmo’kosh	66
ḵo/ki	66
ḵalki	66
gwansani	66
bwaŋ’kwariny	66
bip̱	66
askar	66
adu	66
wal	65
p̱us	65
molu	65
mmop̱ar	65
mishkina	65
bor	65
’tho	64
war	64
nyara/	64
mony’ceshi	64
imaliḵ	64
din	64
cuyi	64
thoson	63
maḵ	63
le’d	63
iman’kwar	63
iiyu/	63
gwa’d	63
cuuwa/	63
bir	63
mmobu’th	62
karkunu	62
’dishe/	61
’cit͟hu/	61
moŋ’kuny	61
moyi	61
montee	61
ma’diny	61
hila/	61
doṯki	61
ata	61
’koshki	60
yol	60
wosha	60
wakata	60
tayi	60
mmowu	60
a’diya	60
abraam	60
’twaŋ	59
’boron	59
yan’ko’da	59
hatha’ko’d	59
goŋ	59
bilaaṯus	59
bat͟h	59
’kuny	58
’dii	58
moŋḵo/	58
momer	58
manc̱i	58
ja’da/	58
cic̱	58
buŋ’kus	58
ŋ’ko’d	57
suski	57
rash	57
moyuḵ	57
mmo’koki	57
ḵashiram	57
kara	57
isho’k	57
gap̱	57
c̱ina	57
burrinyen	57
waḵka	56
maŋi	56
kani	56
a’cesh	56
’ka	55
yana	55
ṯoru	55
ṯorkunu	55
shumarum	55
pos	55
mola	55
manyuḵ	55
ḵan	55
kari	55
iiku/	55
biṯ	55
a’bom	55
ashim	55
p̱owa	54
monycam	54
monṯal	54
mmodhal	54
min	54
miinuwa	54
kuluny	54
iya/m	54
ibwaman	54
gwan	54
doshkin	54
dor	54
’koshkina	53
’cena	53
yuḵkina	53
yimana	53
uḵu	53
mmomish	53
jana	53
dhuna	53
dho’thkunu	53
a’dan	53
yakina	52
wakana	52
wac̱	52
unin	52
susi	52
sor	52
pi	52
monthe	52
mmop̱i	52
mmogam	52
c̱iya	52
alaap̱i	52
’kokunu	51
’cuḵ	51
yuḵa	51
tomp̱inycon	51
tanu	51
nyit͟h	51
montaḵ	51
mmoḵal	51
imidi	51
enki	51
daran	51
cine/	51
ŋah	50
yuḵi	50
tulki	50
taḵ	50
p̱u’d	50
mmociḵ	50
mariyam	50
mane	50
imudhe’d	50
aḵashiram	50
’kwar	49
’dish	49
ŋap̱	49
yahuudiyya	49
wakansan	49
unim	49
oka/	49
mom’pimpili/	49
mmohil	49
miikin	49
gagamis	49
bahili	49
bag	49
anyor	49
’tu’dkunu	48
’ba’th	48
gunn	48
gayiin	48
bunto	48
’cem	47
ŋap̱ki	47
thim	47
miiŋḵar/e	47
bwam/em	47
aman’doyu	47
’thir	46
’kunya	46
’dimki	46
’cuḵki	46
’bana	46
tasha/	46
saarah	46
p̱e’th	46
nuuh	46
non	46
moŋ’koki/e	46
laabaan	46
hirodus	46
gandala	46
deŋ	46
alip̱	46
’konu	45
’dap̱	45
thuluny	45
shum	45
p̱iyi’d	45
miiŋ	45
isha	45
ena	45
doḵ	45
ciḵi	45
a’the	45
ash	45
aja	45
adhana	45
’kup̱i	44
’ka’da	44
yi’deŋ	44
yahuusa	44
ṯu’k	44
sihyuun	44
shuman	44
mmowa	44
ḵwa/	44
ḵa	44
ita’da	44
ganam	44
eni	44
dika/	44
’koshkunu	43
ur	43
nyaŋ	43
moli	43
guski’d	43
dosh	43
c̱is	43
bwanyara/	43
biny	43
bat͟hki	43
akam	43
’konaki	42
toŋ’kul	42
shemen	42
pe	42
ḵu’th	42
kuku/	42
iṯwa/a/	42
hilki	42
griḵi	42
enu	42
dinuki	42
dikina	42
deḵ	42
cam	42
ara	42
’batha’ba’th	41
wathimpa	41
uḵ	41
p̱iki	41
mmo’ce’d	41
mmahan	41
mer	41
mana	41
maa	41
imonṯal	41
gwaṯa/	41
c̱a’bki’da	41
buniŋ	41
budha	41
’tash	40
’kup̱ki	40
’kunykina	40
’bora’bor	40
warka/	40
waki	40
thulp̱a/	40
p̱inu	40
mmonyaḵ	40
merkin	40
ḵanki	40
imanhil	40
i/iss	40
gwas	40
ciḵa	40
bwambor	40
bi	40
yilkina/	39
yayi	39
shi/ki	39
rahiil	39
muŋ’kup̱	39
mmo’cit͟h	39
miimer	39
amen	39
’tu’d	38
’de’kki	38
wayyi	38
mompe’kup̱anyolos	38
manmii	38
ḵar/em	38
ḵala	38
kulum	38
jabu’th	38
imanmiiya	38
iman/o	38
imahan	38
hashkina	38
/eya	38
’koshi	37
ṯa’k	37
susa	37
p̱ilibbus	37
ppe	37
mom’pesho’k	37
jisa	37
jis/e	37
iikina	37
dhuyi	37
bela	37
’kari’th	36
’ce’dki	36
’ce	36
yer	36
wuna	36
uniya	36
toru	36
tharabeesa	36
shu	36
pemi	36
oyi	36
mompal	36
momaŋ	36
ḵankina	36
iina	36
gwahan	36
en’thi/	36
dhalkunu	36
dara	36
’kwarkina	35
’bori	35
tinta	35
shoka	35
p̱u’dku/	35
p̱u’dki’di	35
p̱u’dkini	35
p̱arki’da	35
piyu/	35
naasira	35
mon’tho	35
luuth	35
la	35
katinta	35
ishki’d	35
iminu	35
gwonthus	35
basa	35
bahu	35
’thissa/	34
’kwaniny’ceshi	34
’kamki	34
yuḵayuḵ	34
wathim	34
shwaki	34
pema	34
on	34
momiimii	34
mmodiki	34
mmodi	34
ḵali	34
i’ko’d	34
gwondoṯ	34
enka/	34
duŋ	34
dheŋdhenye/	34
dhel	34
budhi	34
ayesus	34
’thime/	33
’kup̱a	33
’di/	33
’cuḵi	33
yolu	33
ye’th	33
ṯikir	33
sho	33
okin	33
mmo’tho	33
mmotana	33
mmoc̱a’b	33
masiri	33
manṯor	33
ḵwal	33
kayi	33
ise/	33
imandhunu	33
ibway	33
dhaŋ	33
c̱a’bi	33
cimi	33
bu’thki’da	33
bol	33
aṯu’c	33
’kaŋ’kup̱	32
’dantar	32
’bitha	32
uḵki	32
ṯimut͟hawuus	32
toŋ’kup̱	32
seṯaan	32
p̱u/	32
p̱ara	32
piki	32
mi	32
mash	32
luŋa	32
ḵalkina	32
kat͟him	32
jaro/	32
hi’th	32
gami	32
bwaasho	32
butha	32
a’diŋ	32
atee	32
’twan	31
’tum	31
’bam	31
yuḵki’da	31
yayi’d	31
tor	31
shi/ashi/	31
shawuul	31
pe’de/	31
kana	31
ja	31
icine/	31
c̱a’ba	31
campur	31
abas	31
a/e	31
’thoyi	30
’thona	30
ṯorki’da	30
thip̱	30
shwam	30
shem	30
saduum	30
mudhiir	30
moŋ’kup̱aje	30
mo/as	30
mishkin	30
mii’d	30
mancil	30
ḵa’d	30
ibraniyiin	30
dhana/	30
cumaṯ	30
cila	30
ce	30
bu’thkunu	30
buthi	30
bar	30
ayakuub	30
’dim	29
’cit͟ha/	29
ŋap̱a	29
uniŋ	29
se	29
ruumiya	29
piny	29
piniŋ	29
piki’d	29
mur	29
mmoṯel	29
mmomisha	29
mmocic̱	29
me’dyin	29
mbwambori	29
makiduniyya	29
ḵubbaaya	29
kup̱	29
kalman	29
itana	29
ime’d	29
iliyya	29
gumgum	29
ga/	29
diṯi’d	29
dhukina	29
dhodhu	29
dhalkina	29
bat͟hi	29
a’dim	29
awaambuhany	29
’kuwosha	28
’koshu	28
’kam	28
ṯosh	28
teem	28
taka/	28
si’d	28
shwana	28
mmodoṯ	28
malas	28
luŋu	28
lawi	28
joc̱	28
ishki	28
ikwara	28
i/askar	28
gwokina	28
ep̱asus	28
biṯa	28
atente/	28
annihe/	28
’tu’du/	27
’per	27
’beles	27
wuny	27
uḵa	27
su	27
mmotaḵ	27
ḵucur	27
ḵo/kina	27
ḵa’dki	27
kulumkina	27
i’bwa/m	27
icom	27
hirdhe/	27
haawiya	27
gwonyc̱im	27
dho’thki	27
daḵ	27
bampaŋ	27
asha	27
amaliḵ	27
aḵrist͟hos	27
acim	27
’koyi	26
’deki	26
’cit͟huwa	26
’bwah	26
’borgaŋ	26
yahuuda	26
ṯa’kkin	26
turatur	26
tombwaasho	26
thosonki	26
takin	26
rica	26
mmoṯora	26
mmodosh	26
mmobola	26
mishki’da	26
mahan	26
le/ah	26
ḵa’bany	26
kaysar	26
kasha	26
jasa	26
itap̱a	26
issu/	26
iiyi	26
gwonṯor	26
diṯadiṯ	26
dhukunu	26
cikise/	26
bwam/e	26
barnaaba	26
bany	26
bah	26
ari’ceenne/	26
aḵ	26
’kunyka/	25
’kuc̱u	25
’dolkoni	25
’ceshi	25
’borkina	25
’borki	25
yuḵuwa	25
warkin	25
wac̱kunu	25
us	25
thul	25
si’dasi’d	25
shi/i	25
mure/	25
moŋkamu/	25
momish	25
mmoluŋ	25
mmobat͟h	25
miiki’da	25
ḵarambuye/	25
kap̱em	25
kakasja	25
i’ba/	25
imis	25
imini	25
gwam	25
gara/	25
gandal	25
doṯkina	25
cic̱ki	25
ci	25
buhany	25
bala	25
amanṯor	25
abimaalik	25
’kunyga/	24
’kom	24
’kokini	24
’cese/	24
ya’d	24
yaki	24
wo’c	24
waṯ	24
thosonkunu	24
taki’d	24
si’b	24
simmki	24
si	24
shwakina	24
rip̱ka	24
p̱ina	24
nyo/on	24
mon’thom	24
mon’the	24
mondeḵ	24
mii’da	24
miiny	24
manhil	24
ḵa/u	24
kony	24
kamuwa	24
i’kume’d	24
i’ce’dki	24
gu’ba	24
gamka/	24
doḵu/	24
c̱or	24
c̱a’bkina	24
cul	24
caa	24
anthaakiya	24
a/um	24
’kunyi	23
’ka’d	23
wukina	23
wot͟hki	23
wari	23
uurdun	23
theki	23
seki	23
mondor	23
mmo’taki	23
mmo’dish	23
mmowot͟h	23
mmotul	23
mmomaŋ	23
mmo/ish	23
miiwaḵ	23
ḵucaŋ	23
kwanykunu	23
jwam	23
imiga/	23
iiyin	23
habuus	23
gwa’da’d	23
doḵki’d	23
buye/	23
biṯki’da	23
ama’diny	23
amanc̱i	23
’twaŋkala	22
’diŋkila/	22
’ce’dkunu	22
’borki’da	22
yam	22
wur	22
wun	22
wol	22
ushki	22
usha	22
ṯosha	22
thosoni	22
sokin	22
shiyi’d	22
shakiim	22
pal	22
mura	22
moŋ’kom	22
monyc̱a’b	22
monsinu	22
mompinu	22
mmun	22
mmoŋap̱	22
mbwambor	22
manwot͟h	22
lala’th	22
kat͟h	22
jama/	22
isma/iil	22
ishaya	22
hit͟ht͟ha	22
gume/	22
dhunuwa	22
dara’d	22
c̱al	22
cima	22
caki’d	22
bur	22
benyamiin	22
a’ci	22
aduum	22
’twaman	21
’boru	21
’bimpil	21
wo’cki	21
wac̱ki	21
thimkunu	21
ta’dki	21
susu/	21
sinu	21
shwamm	21
she/mm	21
seṯuun	21
saamira	21
okunu	21
nyo/	21
nyarany	21
m’ba/	21
morbip̱	21
mmo’cit͟ha/	21
mmoyuḵ	21
mmothoson	21
merki	21
mbwa	21
lamba/	21
ḵuthar	21
ḵana	21
kwanykina	21
ishkin	21
ibwam	21
ha’th’ko’d	21
gus	21
gurko/	21
emena	21
doḵkin	21
dhop̱	21
cwam	21
caaga/	21
bwaagoŋ	21
ayuusup̱	21
awaḵ	21
anan	21
’them	20
’kup	20
’kulga/	20
’kula’kul	20
’disha	20
’bomi	20
ŋap̱kina	20
uḵkunu	20
ṯo’c	20
ṯorka/	20
ṯelkunu	20
tonyjan	20
tonṯem	20
theka	20
suskina	20
ri’c	20
ra/	20
p̱unthar	20
nyo/o’d	20
nyit͟hki	20
momalas	20
mmoyayu/	20
mmosus	20
miikika/	20
kuma	20
kuluma	20
jiyi	20
ipesu/	20
imii	20
i/o	20
hashkunu	20
gamkunu	20
dwallu	20
di’b	20
dhiny	20
dhalu	20
dhalki’da	20
de	20
c̱in	20
cic̱ki’d	20
bwaya	20
bwaaki’d	20
bwaa	20
baabil	20
a’dihe/	20
asiyya	20
appe	20
amanmii	20
’thi/	19
’kup̱a’dup̱un	19
’dishki	19
’coḵa’coḵ	19
’cit͟hki	19
’boro’da	19
ŋaṯgin	19
yiḵinki	19
wot͟hi/	19
wara	19
taki	19
shwanesan	19
p̱en	19
pwaḵ	19
poome/	19
moŋ’ko	19
monyju/	19
monyit͟h	19
mondhe’d	19
momiimash	19
mmo’cuḵ	19
mmowar	19
mmoka	19
ḵwalany	19
ḵarpa’c	19
ḵankin	19
kulumki	19
je	19
i’ko’di	19
i’bwa/	19
iya	19
huru	19
gwoki’d	19
gwocon	19
gannu/	19
doshkina	19
diṯ	19
dira	19
dimashk	19
diki’di	19
dher	19
c̱iki’da	19
c̱ika	19
bulabul	19
bora	19
amanwot͟h	19
a	19
ŋwol	18
ŋwac̱a/	18
ŋwa	18
yolki	18
yi’dem	18
yiṯ	18
yap̱	18
wa’c	18
wan	18
wakina	18
ura	18
ṯoju	18
ṯenu	18
to/em	18
thulki’d	18
thulkina	18
thoḵa	18
tasaluniiki	18
shu/i	18
p̱iny	18
piyi’d	18
pekwara	18
nyaḵka’d	18
niil	18
muṯṯa/	18
mondiṯ	18
mmoji	18
mishki’d	18
manmiiya	18
li/aasar	18
kwany	18
ku’d	18
kumki	18
imantera	18
iin	18
hashu	18
hasha	18
guŋkuru/	18
empa’d	18
dho’thki’da	18
dhii/i’d	18
daḵa	18
c̱a’ckon	18
c̱a/	18
bu’thkin	18
bu’da’cesh	18
bumi	18
amanciḵ	18
’twaḵki	17
’thi	17
’kwari	17
’dwa/	17
’disha’dish	17
’dap̱i	17
’ce’dkina	17
’borgam	17
yiman	17
waḵa	17
wakatinta	17
ṯuca	17
ṯeli	17
ṯa’kki	17
toŋḵuthu’d	17
thit͟h	17
susu	17
sinaa/	17
saray	17
pikin	17
palki	17
nahur	17
moŋ’koki/em	17
moŋḵa’b	17
monthus	17
mondeŋ	17
mmoyaku/	17
mmothim	17
mmomer	17
mmomaŋa	17
meem	17
maja	17
lu/	17
ḵa’dkunu	17
ḵany	17
kuman	17
ka’thamo/	17
kaysariyya	17
kayiin	17
kakina	17
kaaka	17
jee	17
i’kup̱	17
i’bwa/a	17
iya/a	17
imannyaḵ	17
gwona	17
guyu/	17
ep̱rayim	17
doṯa	17
dhap̱an	17
c̱iyaa/	17
cin	17
bwaŋkush	17
buyem	17
bujur	17
birman	17
bakal	17
a’boma	17
aṯor	17
arum	17
amani	17
aadam	17
’thikina	16
’theḵ	16
’kup̱a’dup̱uni	16
’boma	16
’baarki	16
ŋul’kup̱	16
yayina	16
yaka/	16
wolki	16
wathinyaŋa’b	16
wathiny	16
wara’d	16
wani	16
wala	16
urki	16
uri	16
uḵkina	16
ṯas	16
ṯagu	16
turgam	16
tuli	16
tonthusa	16
tiithus	16
thulki	16
thosonkina	16
tash	16
suskunu	16
sur	16
shwan	16
shina	16
raḵa	16
p̱u’dki’da	16
po/	16
nyaŋa	16
mmo’kosha	16
mmomash	16
mmoko	16
mmohila	16
miiki’d	16
merki’d	16
mandwall	16
manassa	16
man/o	16
lukaas	16
ḵwa/ki	16
kurint͟huus	16
kap̱ranahuum	16
iwaḵa	16
imanji	16
ikat͟him	16
en’dap̱	16
diki’da	16
cwalman	16
cur	16
bwayi	16
bwamp̱o/	16
at͟ha	16
asho	16
aguurush	16
’kwaru	15
’koshki’da	15
’dishkina	15
’ce’du	15
’bwaham	15
yi’c	15
yina	15
yiḵin	15
yayi’di	15
wolgwap̱im	15
waṯki	15
wassa/	15
wasa/	15
warkina	15
waḵki	15
ṯorkin	15
ṯocu	15
ṯa’kkina	15
thu’th	15
suug	15
sulemaan	15
simmi	15
si/is	15
saam	15
ra/ubiin	15
p̱om	15
peki’d	15
pekin	15
oyaa/	15
nyoḵ	15
nyaḵa	15
mmo’bor	15
mmomina	15
mmokara	15
mmobah	15
mmina	15
merkina	15
luŋki	15
le’dan	15
lam	15
ḵutha	15
ḵashira/	15
ḵanthi/	15
ḵa/aḵa/	15
kap̱	15
jurum	15
imiikina	15
imanṯor	15
iiyini	15
idoŋon	15
hurga/	15
hi’thki	15
hilkina	15
haraan	15
haagar	15
gu’ban’ce	15
guurah	15
gu	15
gamki’da	15
dun	15
da/ar	15
c̱orkina	15
c̱orki	15
cakin	15
beeṯaniya	15
baru	15
bakata	15
arumgimisa	15
ap̱irawn	15
ale’d	15
acampur	15
a/ki	15
’twa/i	14
’thokina	14
’kwarki	14
’kunyu’d	14
’de’kkunu	14
’deka	14
’ceenu	14
’bwa/m	14
’baarki’d	14
wu’th	14
wunu	14
wanu	14
ṯoshkin	14
tony	14
tiyan	14
si’dayi	14
simam	14
p̱or	14
pupush	14
pikina	14
pibi	14
parana	14
nyoŋ	14
nyit͟ha	14
nyaŋki	14
moŋ’kulga/	14
momiimiim	14
momii	14
mo/eḵ	14
mmo’kuny	14
mmothul	14
mmopal	14
mmodwall	14
mmodho’th	14
mme’d	14
mart͟ha	14
manciḵ	14
magdaliyya	14
ḵwa/u	14
ḵumki	14
ḵucurki	14
ḵa’dama/	14
ḵa’dam	14
kul	14
kom	14
karki’da	14
jamu/	14
issi	14
ikat͟h	14
haam	14
gwowa	14
gwony	14
gwaya	14
go’d	14
eŋ	14
embula	14
dwalli	14
dhur	14
dhelelkin	14
dham	14
deḵki	14
daḵa/	14
c̱ikika/	14
cuu	14
cayaa/	14
budhu	14
biṯki’d	14
biṯkina	14
biṯkin	14
ayuḵ	14
at͟h	14
aruma	14
arabiya	14
amannyaḵ	14
amana	14
aghripaas	14
a/dhali	14
’penkap̱an	13
’diye/	13
’cuḵkina	13
’cit͟hi/	13
’ce’da	13
’bithi	13
’bicajwahar	13
’bathan	13
ŋap̱i	13
ŋala/	13
yoli	13
yiha/	13
yerkunu	13
yeḵu	13
yedhu	13
yaase	13
washila/	13
urkina	13
ṯela	13
tim	13
ti	13
thoḵki’da	13
tanuwa	13
taḵi	13
taki’da	13
su’k	13
suski’da	13
sila	13
shwa’da	13
shwa’d	13
shush	13
shon	13
shoki	13
shim/uun	13
sadukiyiin	13
p̱uu	13
p̱iya	13
p̱ilibbi	13
poshki’d	13
per	13
nura/	13
moyam	13
mon’dap̱	13
mombunto	13
mmo’tu’d	13
mmo’bora	13
mmothulu/	13
mmop̱u’du/	13
mmoc̱iya	13
meri	13
mbway	13
maḵamp̱o/	13
ḵa’dum	13
kwan	13
kumu	13
kala	13
isṯip̱anuus	13
imandhun	13
iim	13
iikini	13
ica’d	13
i/ona	13
hithi	13
ha’th	13
hashki’da	13
haki	13
gwasi	13
guyi	13
gamuura	13
enkina	13
eḵki’d	13
ekata	13
doṯi	13
doshki’da	13
dorkina	13
diiṯe/	13
dho’thkin	13
dhodha	13
c̱ikin	13
cuukin	13
cic̱kina	13
cic̱kin	13
bu’da	13
bunya/	13
buḵ	13
biṯki	13
beeṯ/iil	13
bagu	13
araam	13
andaraawus	13
’thup̱	12
’thom	12
’thoki’d	12
’pe’d	12
’kana	12
’kal	12
’cit͟hkunu	12
’ba’thki’d	12
’bani	12
ŋa	12
yila	12
wa’di	12
wanki	12
ṯirkina/	12
thoḵkina	12
themes	12
suriyya	12
siri’c	12
simm	12
shwayi	12
shi/ina	12
saydaa/	12
sakariyya	12
sahan	12
rijuwa	12
p̱iyi	12
p̱arisi	12
pwaḵkunu	12
pure/	12
nyit͟hkina	12
nyaḵkina	12
mu’th	12
mo/o’d	12
mmo’kam	12
mmo’dap̱	12
mmo’baar	12
mmoṯa’k	12
mmohi’th	12
mmohash	12
mmodoḵ	12
mmoc̱or	12
mmocuu	12
mmo/ush	12
mishin	12
miinthusa	12
miiga/	12
midyaan	12
manya/	12
mannyaḵ	12
malaskina	12
maaŋḵuthu’di	12
ḵuthaḵu’th	12
ḵa’di	12
ḵani	12
ḵalu	12
ḵalki’da	12
kushi	12
kukul	12
kol	12
jiny	12
jima	12
jaasaan	12
iyuḵkunu	12
iwuki’d	12
ishkina	12
ija	12
iinu	12
ibwaŋ	12
hananiyya	12
hamuur	12
gwokin	12
gwa’dan	12
gwa’dagwa’d	12
goŋgoro/	12
garr	12
ga/u	12
duḵ	12
diṯa	12
dikin	12
dhuwa	12
dheres	12
dhas	12
dhaluwa	12
c̱eker	12
cwamp̱u/	12
cil	12
cesh	12
cana	12
burrinyeŋ	12
biṯi	12
ata’dam	12
asap̱	12
as	12
amanhil	12
aman/o	12
aḵur	12
agannu/	12
abasa	12
a/ibrahiim	12
’twaḵ	11
’tu’dkina	11
’tashi	11
’kwarkika/	11
’kuŋgu’b	11
’kup̱an	11
’doyu/	11
’cwar	11
’bi’thki’da	11
’ba’thkin	11
ŋ’ko’di	11
yir	11
yintho/	11
yimi	11
yima	11
yilaŋ	11
yani	11
yampe	11
yaki’di	11
wariba/	11
waḵu	11
waḵkina	11
waki’d	11
wac̱kan	11
ushkina	11
up̱i	11
up̱a	11
uc̱iya	11
ṯu’kkin	11
ṯuuma	11
ṯup̱	11
ṯelkina	11
ṯe	11
tora	11
tiŋkiliŋ	11
timi	11
tagi	11
siki	11
shwanu	11
shir	11
shigga/	11
shi/a	11
sabadi	11
rus	11
rau/iil	11
p̱iliks	11
p̱asṯuus	11
piki’da	11
nyit͟hki’d	11
m’pen	11
mum	11
mony’ce’d	11
monṯel	11
mondho’th	11
mon	11
mombwam/e	11
molki	11
mmudhe’d	11
mmo’ce’da	11
mmowal	11
mmowac̱a	11
mmoḵwa/	11
mishkunu	11
maṯṯaan	11
markus	11
mamana	11
malkisaadag	11
luḵu	11
los	11
laamak	11
ḵwa/kunu	11
kuyu/	11
koŋ	11
jindhiir	11
i’baar	11
ip̱ruun	11
ipe’de/	11
iiki	11
he’th	11
hayi	11
habiil	11
gwonta	11
gwa’dga/	11
gwa’da	11
gwayu/	11
gwap̱i/	11
gu’ba’ku/	11
gur	11
enki’da	11
dulaṯṯ	11
doṯu	11
doshki’di	11
doshkini	11
doḵkina	11
dir	11
dil	11
dhwa/a’d	11
dhi’th	11
deḵkunu	11
c̱em	11
c̱a’bkin	11
birsaba	11
balany	11
araḵ	11
apo/	11
amuur	11
aḵaa/iya	11
acul	11
abulluus	11
abor	11
a/a’di	11
a/aha/	11
’tu’dki	10
’ta’b	10
’kunya’kuny	10
’kuc̱kunu	10
’kowa	10
’kasa/	10
’kan	10
’doŋkoro/	10
’doyi	10
’dishki’d	10
’dishi	10
’dap̱a’d	10
’cuḵa	10
’baarkina	10
yip̱	10
yedhuwa	10
yap̱at͟h	10
yaap̱a	10
wu’d	10
wum	10
woci	10
waḵkunu	10
ushu	10
ushki’d	10
ṯu’kki’d	10
ṯu’kki	10
ṯuka	10
ṯu/ul	10
ṯo’cki	10
ṯala	10
tulu	10
tulkina	10
tonthusi	10
thum	10
thisu	10
thiski	10
thisi	10
taarah	10
suny	10
son	10
so	10
si’da	10
shumaruma	10
shinu	10
seki’d	10
rici	10
p̱u’du’d	10
p̱addaan/araam	10
pu’dki’d	10
ppee	10
palkina	10
o’da	10
nyaraŋ	10
nasa	10
monyjee	10
mompi	10
mmo’kwar	10
mmo’kona	10
mmoye’th	10
mmoye	10
mmose	10
mmorica	10
mmoraḵ	10
mmomalas	10
mmoḵan	10
mmodhelel	10
mmo/uḵ	10
mmo/isha	10
miimii	10
markunu	10
mantil	10
mamra	10
luŋi	10
loski	10
ḵu’thki’d	10
ḵanki’da	10
ḵa/	10
kumkunu	10
kulumi	10
kash	10
karka/	10
kanuwa	10
kansan	10
jwahaŋ	10
jo’d	10
jip̱i/	10
iṯor	10
isḵariyuuṯi	10
imugum	10
imandwall	10
iman/ush	10
ilisabaaṯ	10
ijiki’da	10
iiyina	10
i/is	10
hilki’da	10
hatha	10
hashi	10
hara	10
gwoŋḵana	10
gu’bi	10
guskina	10
gura/	10
gomata	10
gasaas	10
gac̱	10
du’d	10
doḵi	10
c̱ori	10
c̱i’th	10
c̱ika/	10
cuuki’d	10
cukunu	10
ciḵkin	10
buntom	10
bori	10
biṯkunu	10
biruwa	10
biriny	10
beseene/	10
beeṯlaham	10
ayy/ayy/ayy	10
aḵa’banya	10
aku’d	10
agasiis	10
abim	10
’teki	9
’taḵ	9
’piny	9
’kwara	9
’konuki/e	9
’kolo’c	9
’kanuwa	9
’dap̱ki	9
’dap̱a	9
’ci’d’da/	9
’ce’du/	9
’bil	9
’batha	9
ŋadhum	9
yuunaan	9
yolkunu	9
yola	9
yohaana	9
yip̱a	9
yeru	9
yase/	9
yakin	9
wasin	9
warki	9
walki	9
ushan	9
uc̱iŋ	9
ṯorkika/	9
ṯoca	9
ṯaki	9
ṯa/	9
thoḵi	9
the	9
thalkin	9
tenteŋ	9
tashu	9
taḵu	9
su’kkin	9
si/iir	9
shwakin	9
sheŋ	9
sap̱a	9
roc̱	9
riyaal	9
raḵi	9
ra/ra/	9
p̱u/kin	9
p̱inycon	9
p̱ilisthiin	9
p̱aaris	9
piyin	9
pinu	9
pesuŋ	9
parkina	9
palkunu	9
nyo/u	9
nyo/anyo/	9
nyaŋu	9
nap̱taali	9
mur’kup̱	9
murki’di	9
mugu	9
moŋ’ko’d	9
moŋ’ka’d	9
moye	9
mosi/is	9
mony’cuḵ	9
momisi	9
mo/ish	9
mmoyol	9
mmoyer	9
mmowol	9
mmop̱ara	9
mmonyit͟h	9
mmomol	9
mmoḵo/	9
mmokulum	9
mmoha	9
mmogama	9
mmodhuwa	9
mmobuṯi	9
miyya	9
maŋu	9
maŋa	9
maṯṯa	9
malaski	9
ḵuyi	9
ḵa’dkina	9
ḵa’bu	9
ḵar	9
kuprus	9
karniliyuus	9
kaki	9
ju/	9
ibaba	9
hony/e	9
hitha	9
he’kkina	9
haŋ	9
hana	9
ham	9
gwonu	9
gap̱a	9
galathiyya	9
gac̱ki’da	9
doru	9
dorkunu	9
doḵki	9
diṯin	9
dhurum	9
dho’thkina	9
dhoŋgola	9
dhiŋ	9
dhelelga/	9
dhela/	9
dhamom	9
dhagam	9
deŋu	9
bwany’cem	9
bwanyaram	9
bwamani	9
buŋ’kup̱	9
buma	9
bul	9
buhanya	9
baṯu/iil	9
bagkunu	9
a’dinthus	9
amure/	9
amar	9
amancil	9
ajisa	9
agarr	9
acur	9
a/mina	9
’tu’di	8
’thonu	8
’ther	8
’theḵki	8
’thanu	8
’thama	8
’tashki	8
’tasha	8
’pura/	8
’kwaniny	8
’kuc̱i	8
’kol	8
’kawurkunu	8
’dap̱u	8
’ci’cimi’th	8
’cit͟hkina	8
’buḵum	8
’boro’di	8
’bi’thga/	8
’baḵany	8
ŋul	8
ŋar	8
ŋal	8
ŋa/	8
yolkina	8
yaki’da	8
waru/	8
wap̱	8
walu	8
waḵuwa	8
ushuna	8
t͟hu’th	8
ṯoshkina	8
ṯoshki	8
tura	8
tula	8
thulu	8
thot͟h	8
thosonkin	8
thosona	8
thenu	8
ta’dam	8
sul	8
sugu	8
sorki	8
shure/	8
shu/um	8
shini	8
shim	8
shi/kunu	8
shi/kina	8
shi/i’d	8
she	8
shawaal	8
serec̱	8
sabuluun	8
rumu	8
ri’cki’da	8
ra’b	8
raḵki	8
rabbi	8
p̱p̱am	8
p̱i’dnaŋ	8
p̱ikina	8
p̱ari	8
pur	8
pedoŋon	8
palu	8
okika/	8
nyo/ki	8
nyo/i	8
nyit͟hkin	8
nyaŋkunu	8
nyaranyaŋa’b	8
nyaḵu	8
nyaḵa’d	8
nnii	8
moŋga/	8
mombujur	8
mo/isa	8
mmo’kama	8
mmo’ka	8
mmo’dim	8
mmoyuḵa	8
mmoṯo’c	8
mmothuḵ	8
mmorash	8
mmonyo/	8
mmonon	8
mmomishkina	8
mmomiina	8
mmoḵala	8
mmodina	8
mmodhala	8
mmobu’thkina	8
mmobutha	8
mmo/ur	8
mbwam	8
maru	8
manna	8
mala	8
lo’b	8
lawudikiyya	8
lamki	8
ḵuthi	8
ḵo/ka	8
ḵa’b	8
ḵamsiin	8
kwanyki	8
kwanyka/	8
kuṯ	8
kushki	8
kilikiyya	8
ka’tum	8
kataye	8
kariiṯ	8
jeenu	8
jarom	8
jaraar	8
jandin	8
i’taki	8
itan	8
itagi	8
imangam	8
imanciḵa	8
ikum	8
huru/	8
gwat͟ha	8
gwamki	8
gol	8
gana	8
gac̱ki’d	8
gabul	8
dosha	8
dorki’da	8
dhuki’da	8
dhudhunya/	8
dhodhi	8
dherki	8
dhema/	8
dheleli	8
dhaŋḵa’b	8
da/arki	8
c̱wanyki	8
c̱wany	8
c̱iŋkinaŋ	8
c̱inuwa	8
c̱inthar	8
c̱eŋ	8
cwan	8
cuun	8
cuki’d	8
cukina	8
ciḵki’da	8
burum	8
beeṯsayda	8
bat͟hkina	8
bagkina	8
awarka/	8
ashin	8
ariiha	8
alaabaan	8
aḵursi	8
aḵubbaaya	8
aḵnuuḵ	8
aḵki	8
agoŋgoro/	8
acumaṯ	8
abuṯerus	8
aabir	8
’twamana	7
’thur	7
’thon	7
’thoka/	7
’thikunu	7
’tena	7
’kusi	7
’kul	7
’koshuwa	7
’koshkin	7
’kaki	7
’do	7
’de’kki’da	7
’de’kkin	7
’cwami	7
’cuḵkunu	7
’cit͟hkunuwa	7
’cemen	7
’ceeki’da	7
’beres	7
’basho’k	7
’baarkunu	7
’baarki’da	7
ŋaki	7
yula	7
yera	7
yeḵki	7
yase	7
yap̱kunu	7
wuwa	7
wot͟hu/	7
wot͟hkunu	7
wot͟hi	7
waḵi	7
wagaski	7
wac̱ki’da	7
urki’da	7
uhulibaamah	7
t͟hutha	7
t͟horony	7
ṯu’kkina	7
ṯo’ckunu	7
ṯoci	7
ṯelki’da	7
tonycuḵ	7
timki	7
thusi	7
thuruḵ	7
thimki	7
thamu	7
tenten	7
tashan	7
tap̱aŋ	7
suugar	7
sona	7
simmkina	7
simaŋ	7
sikunu	7
shwanetan	7
shu’bki	7
shu/	7
shiiṯ	7
shaalah	7
sa	7
p̱e	7
poomem	7
pitin	7
paluwa	7
pali	7
nyunycina/	7
nyo/a	7
nyaḵkunu	7
nta	7
nat͟hana/iil	7
murr	7
muri	7
mugum	7
moŋ’kosh	7
mowum	7
moshwan	7
mon’tu’d	7
mondim	7
mom’ba’th	7
momp̱u/	7
molkina	7
mmowan	7
mmowaḵ	7
mmotim	7
mmotakina	7
mmosor	7
mmoso	7
mmonyaŋ	7
mmomuri	7
mmomiga/	7
mmolam	7
mmodor	7
mmodhuna	7
mmodeḵ	7
mmodar	7
mmoc̱a’bi	7
mmoc̱a’ba	7
mmocu	7
mmociḵa	7
mmocesh	7
mmobiṯ	7
mmo/ona	7
miimash	7
mera	7
mbwaman	7
ma’du/	7
maŋuwa	7
mari	7
mandhu	7
luŋuwa	7
loskina	7
lolop̱	7
lami	7
lambam	7
ḵwa/i	7
ḵun’tush	7
ḵuku/	7
ḵa’bali	7
ḵa’bala	7
ḵan’thi/	7
ḵankika/	7
ḵalkunu	7
kushu	7
korakor	7
kerawaan	7
kadhoŋ	7
kaana	7
jwakaṯkunuwa	7
jisilaan	7
jap̱e/	7
jany	7
i’kosh	7
israyiili	7
ishi/ki	7
ishi	7
ise	7
imanjiya	7
imandhu	7
idin	7
ibwambora	7
huri	7
hura	7
hi’thkina	7
he’thki	7
hekuwa	7
hayy	7
har	7
hakuuma	7
hakiim	7
gwamkunu	7
gwalal	7
gush	7
gurany	7
guna	7
gor	7
gaŋgara/	7
gadara	7
gac̱a	7
en’thiŋ	7
elp̱uraat	7
dup̱i	7
dorki	7
diinah	7
dhelelkunu	7
deŋkunu	7
deḵi	7
deḵa	7
daan	7
c̱orki’da	7
c̱ekerkunu	7
c̱ekerki	7
cwaŋ	7
ciḵkunu	7
cem	7
bwany’ce	7
bwanyayiis	7
bwany	7
bwamana	7
bwaaraḵ	7
bu’thkika/	7
bunyan	7
buḵu	7
biyuu	7
birki	7
bilhah	7
beledhu	7
bampan	7
bahki	7
bagki	7
baalsebuul	7
ateem	7
askina	7
ashiir	7
arumgimisi	7
arp̱akshaad	7
arip̱ka	7
anuush	7
aniihe/	7
amunyjal	7
amandwall	7
amaliiḵ	7
alki	7
agoŋgorom	7
adiiṯe/	7
abuhany	7
a/aris	7
’thup̱a	6
’thoki	6
’thiḵa’thiḵ	6
’therki	6
’teya	6
’tamkunu	6
’tam	6
’pereny	6
’penabi	6
’pempaŋ	6
’kume’da	6
’kuc̱a	6
’ka’da’ka’d	6
’kayi	6
’kawurkina	6
’doyu	6
’de’kkina	6
’deya	6
’dap̱u/	6
’dap̱kunu	6
’cit͟ha	6
’cim	6
’cet͟hki’da	6
’cesha	6
’bwa/um	6
’bi’c	6
’bera/	6
’bar	6
ŋap̱ki’da	6
yi’den	6
ye’thkunu	6
ye’thki	6
yeyi	6
ya’di	6
yayi’da	6
yayika/	6
yassaakar	6
yassa	6
yap̱ki	6
yany	6
wulp̱e/	6
waṯki’da	6
wathiny’cesh	6
wanuwa	6
waluwa	6
waka	6
ushuwa	6
uḵki’da	6
t͟huthu/	6
t͟ha’thkin	6
t͟hamar	6
ṯu’ckina	6
ṯu’cki	6
ṯaka	6
tulki’da	6
torkunu	6
torki	6
tonta	6
thumki	6
thulu/	6
thuli	6
thop̱a/	6
thiskunu	6
thin	6
teeŋ	6
taḵa	6
sulki’d	6
suka	6
si’dkin	6
silp̱ah	6
sib/uun	6
shwaki’da	6
shu’bkina	6
shushi	6
shumuṯ	6
sekina	6
rukuny	6
rub	6
rem’kup̱	6
ra/iis	6
p̱i’dna/	6
p̱eni	6
p̱ali/	6
p̱aalaj	6
piyi	6
pala	6
onayi	6
nyoŋkunu	6
nyi’da/	6
nyaŋi	6
nyaram	6
nyaḵki’d	6
noni	6
nona	6
nikudimus	6
muwab	6
mush	6
muru’di	6
moŋ’kuwosh	6
moŋgwam	6
moyurantee	6
monsinum	6
mondee	6
molona	6
mo/anan	6
mmo’kokina	6
mmo’kar	6
mmoŋap̱a	6
mmowot͟ha/	6
mmowot͟ha	6
mmowac̱	6
mmotor	6
mmosusa	6
mmoshi/	6
mmonyoŋ	6
mmonyit͟ha	6
mmomar	6
mmokol	6
mmohashkina	6
mmogamkina	6
mmodhalkina	6
mmoc̱ora	6
mmoc̱i’th	6
mmoboṯki	6
mmo/iiyu/	6
mishka/	6
mishga/	6
milkah	6
miika/	6
meru	6
maṯushaalah	6
mashki’da	6
mashkin	6
mara	6
man’kosha	6
mantera	6
mancila	6
maliḵa	6
malaskunu	6
mahlal/iil	6
lubnaan	6
le/	6
laŋ	6
lambalany	6
lac̱a/	6
ḵu’bu/	6
ḵursim	6
ḵumi	6
ḵum	6
ḵucura	6
ḵoki	6
ḵo/ki’da	6
ḵa’du	6
ḵa’bkunu	6
kwanyu	6
kuny	6
koyesus	6
koroḵ	6
kor	6
kaysara	6
kayaap̱a	6
kanu	6
kagush	6
jwakaṯ	6
jog	6
jil/aad	6
jeŋgu’b	6
jesh	6
jeekunu	6
jamam	6
i’kona	6
ishwa	6
imish	6
imin	6
imaṯṯaan	6
iman’kosha	6
iman’cit͟h	6
imanthoḵ	6
imannyaŋ	6
imancil	6
ikuuniya	6
iir	6
iini	6
ihili	6
ihashki	6
ic̱iki	6
ic̱i	6
icaaca	6
ibwamp̱o/	6
iboliish	6
hur	6
hosanna	6
hi’thkunu	6
hirodiyya	6
hethi	6
hasruun	6
hashkin	6
han	6
gwondhaŋ	6
gwasan	6
guwa	6
gum	6
goŋgo/	6
gana’th	6
elip̱aas	6
el	6
dwallki	6
doruwa	6
dora	6
diya	6
dirkina	6
dhotha	6
dhodhuwa	6
dhelelin	6
dhalkika/	6
dhagamkunu	6
deŋki	6
deḵkina	6
deḵken	6
deekina	6
daru	6
daḵu	6
daḵki	6
da/arkina	6
c̱iŋ’ko’d	6
c̱iŋkira/	6
c̱iŋkinan	6
c̱iŋi’th	6
c̱itha	6
c̱ikunuwa	6
c̱a’bki’di	6
c̱a’ba’d	6
cwalmana	6
ciŋ	6
ciḵu	6
ceshki	6
bwama	6
businyan	6
buḵi	6
bujurkina	6
buhe/	6
boṯa	6
bolki’da	6
bimbir	6
basmah	6
bashan	6
baraabas	6
bahkina	6
a’diyi	6
a’bor	6
awu’th	6
at͟hiina	6
asa	6
arabiyam	6
ap̱oŋ	6
anann	6
amura’th	6
amur	6
amariyam	6
alip̱i	6
ale/	6
akiila	6
adheŋdhenye/	6
abi	6
/en	6
’twany	5
’thinu	5
’thim	5
’thamo/	5
’thalkina/	5
’pi’b	5
’kwaṯṯan	5
’kwaniya	5
’kunygam	5
’kuc̱u/	5
’kamkina	5
’kakina	5
’doyina	5
’dimkina	5
’deku/	5
’daŋkal	5
’dash	5
’dap̱kina	5
’cuḵuwa	5
’cila’th	5
’ce’dki’d	5
’borkunu	5
’bidhu	5
’be’d	5
’beresa	5
’baara	5
ŋaṯgini	5
yuḵkunuwa	5
yolkin	5
yiḵinkina	5
yesusa	5
yeri	5
yeres	5
yasuun	5
yarid	5
yakika/	5
yabuus	5
wuŋ	5
wusha/	5
wulu/	5
wot͟hkina	5
wot͟ha	5
wolkina	5
wola	5
woho/	5
waŋgal	5
warkunu	5
walkina	5
wali	5
wac̱i	5
uru	5
urkunu	5
unycur	5
unan	5
t͟hiyatira	5
ṯuki	5
ṯorkunuwa	5
ṯoraa/	5
ṯa’kkunu	5
ṯaruwaas	5
toŋkal	5
toŋgwap̱i/	5
tonṯen	5
tontaḵ	5
tom’pac̱a’d	5
thulkin	5
thulka/	5
thon	5
thip̱u	5
thip̱ki	5
thip̱a	5
thimkina	5
theke’th	5
tharsuus	5
thamki	5
thama	5
teṯe/	5
teen	5
tawash	5
su’kkina	5
sora	5
siri’cki	5
sina	5
sima/	5
sikina	5
shu’d	5
shuyi	5
shuki	5
shokom	5
shiyi’da	5
shiyin	5
shin	5
shiilah	5
shi/ki’da	5
shemena	5
shamaneṯṯan	5
shaba	5
seya	5
seki’da	5
saruuj	5
sap̱s	5
saliim	5
saba	5
rusa/	5
rumkunu	5
rasan	5
ra/u/iil	5
ra/u	5
p̱u’di	5
p̱p̱a/	5
p̱ilimuun	5
p̱elena	5
p̱ekina	5
p̱arisiyiina	5
pwaḵki	5
posa	5
piyunu/	5
pishki	5
piriskilla	5
par	5
pamp̱iliyya	5
oŋ	5
nyora	5
nyoḵki	5
nyit͟huwa	5
nyit͟hi	5
nyeŋ	5
nyaḵki’da	5
nonki	5
ninawa	5
niin	5
nas	5
mu’thki	5
murem	5
mup̱tha/	5
mowaḵ	5
mowac̱	5
mony’cesha	5
monyjwakaṯ	5
monyjaro/	5
monycaŋ	5
mondhurumi’da	5
mom’batha’d	5
momp̱i	5
mombuṯ	5
mo/ii	5
mmo’tu’da	5
mmo’the	5
mmo’kwarki	5
mmo’do	5
mmo’bi’th	5
mmoyetha	5
mmoyakina	5
mmoṯu’k	5
mmoṯosh	5
mmoṯikir	5
mmoṯe	5
mmoṯa’c	5
mmothis	5
mmothima	5
mmosimm	5
mmosi/is	5
mmoshu	5
mmoseyu/	5
mmop̱u’dkina	5
mmop̱u’da	5
mmop̱u’d	5
mmopwaḵ	5
mmonyaŋa	5
mmonona	5
mmomu’th	5
mmomola	5
mmoluŋa	5
mmoḵwal	5
mmoḵa’d	5
mmokarkina	5
mmokap̱	5
mmokan	5
mmogus	5
mmogu	5
mmodoshkina	5
mmodika/	5
mmodheres	5
mmodeŋ	5
mmoc̱iki	5
mmobudha	5
mmobor	5
mmobiṯkina	5
mmobat͟ha	5
mmo/iikina	5
mmo/aḵ	5
mmaṯṯaan	5
miyyaṯeen	5
mishi’da	5
maŋka/	5
marki	5
man’coḵ	5
man’cit͟h	5
maḵḵiya	5
macin	5
luuka	5
lup̱p̱aah	5
luḵ	5
logoma	5
lisṯra	5
ḵwam	5
ḵu’thkina	5
ḵuy	5
ḵursin	5
ḵucuri	5
ḵo’c	5
ḵa’dki’da	5
ḵa’c	5
ḵa’bu/	5
ḵarash	5
ḵara	5
ḵar/eŋ	5
ḵankunu	5
kwanya	5
kusha	5
kulumka/	5
kinan	5
ka’thamoŋ	5
kankunu	5
kamuŋ	5
kadarla/oomar	5
jina	5
jil	5
jidhirki’d	5
jeekina	5
jaŋkamu/	5
januub	5
jannisaaraṯ	5
jamany	5
jaad	5
i’pen	5
i’kup̱i	5
i’dimki	5
i’ce’d	5
i’bwaham	5
iwot͟h	5
ithaaliya	5
itap̱am	5
israyiila	5
iskin	5
iskandar	5
ishu	5
ishriin	5
ishin	5
ip̱u’du/	5
ip̱u’dkina	5
ipekwara	5
inyaḵki	5
imusa	5
imiikika/	5
imanta	5
imanmisha	5
imanheka	5
imandil	5
ikwan	5
iiŋ	5
iimpe	5
igam	5
idiki’d	5
idi	5
idhuki	5
idhalkunu	5
icim	5
ibraan	5
i/ash	5
hidhu	5
hashka	5
hanuuk	5
halp̱a	5
habruun	5
gwondoṯa	5
gwat͟him	5
guraasa	5
gunu	5
goŋki	5
gany	5
gamkika/	5
gale/	5
gadhir	5
dwari	5
dwam	5
dwallkunu	5
doṯu/	5
doṯkunu	5
doḵku/	5
doḵa	5
dilu	5
dhuruca	5
dhethadhe’th	5
dhelelki’d	5
dhelelkina	5
dhelelki	5
dheleli’d	5
dhagami	5
deŋa	5
deḵu	5
daḵki’d	5
cuuna	5
bu’d	5
buŋgwara	5
buyempa	5
buṯi	5
bum’pen	5
boṯi	5
boro’th	5
boli	5
boc̱kin	5
be’dki	5
bel	5
beeyabee	5
beega/	5
bat͟hani	5
bat͟ha	5
barki	5
bampany	5
baha	5
baala/	5
ayohaan	5
awum	5
awara	5
askin	5
ashu/um	5
ashshuur	5
ashon	5
arthamiis	5
arahiil	5
arabiyya	5
ap̱raatah	5
ap̱o/i	5
anyaḵum	5
ananki	5
amanyeḵa	5
ale/ah	5
ako	5
akap̱any	5
aharuun	5
agoŋ	5
ada	5
abora	5
aʼceṯ	5
jaṯṯan	5
juʼd	5
shwaka	5
nyuthanyuʼth	5
ḵarish	5
abojorashwam	5
coḵ	5
yashim	5
ʼdiŋiṯaʼdiŋiṯ	5
arasi	5
ʼtuʼdi	5
ʼbwaham	5
ʼdaŋaʼdaŋ	5
gaspiriʼc	5
a/ane/	5
hapaʼth	5
ula﻿c̱	5
niṯṯan	5
aʼboma	5
amalo/	5
jih	5
ḵujul	5
ḵul	5
amis	5
abishkiir	5
buŋan	5
shuro/	5
ʼkosan	5
thiir	5
monʼtwash/e	5
re	5
﻿c̱aʼc	5
aʼkeŋketh	5
aganaʼth	5
ʼkaʼkar	5
ŋwash	5
iyam	5
abila/	5
aḵwashkam	5
pumpuku/	5
ḵuʼb	5
morosamoros	5
yehi	5
garaʼd	5
ʼkale/	5
p̱usula	5
ayi/	5
halmish	5
jew	5
warmaʼc	5
ḵaʼb	5
haʼbahaʼbu/	5
tawashatawash	5
kolgony	5
aluŋguʼb	5
koron	5
jaʼda/	5
rathul	5
ajinyʼcolo/	5
ṯoṯol	5
aʼthiʼk	5
abaʼth	5
doḵ/	5
wathinyaŋaʼb	5
wa﻿c̱a/	5
alis	5
anaka	5
kwalany	5
thathap̱	5
ḵalaŋalkin	5
ḵuʼc	5
luḵ	5
ṯwa/a/	5
awush	5
ḵwa/aʼd	5
men	5
aḵashkum	5
shekepshekep	5
sho/	5
yit͟h	5
anaŋa/	5
kwalanya	5
dwamadwam	5
ʼkup̱uʼd	5
shwar	5
dhoʼth	5
ʼcilaʼth	5
ḵucur	5
moŋḵuʼth	5
ḵugwayu/	5
dhiʼth	5
p̱uʼdap̱uʼda/	5
jinyʼcolo/	5
aluḵga/	5
ʼbimpilaʼbimpil	5
gwampi/	5
ayul	5
ʼtapul	5
amisa	5
t͟hol	5
suŋḵa/aʼd	5
manʼkwar	5
ʼdoʼk	5
yiʼde/aʼcesh	5
ḵo/	5
﻿c̱i	5
ʼdiŋiṯ	5
akakash	5
ish/	5
yethe/	5
aduntul	5
dhisdhis	5
a/ombora/	5
ṯor	5
awashila/	5
dhereʼd	5
ʼkwaʼd	5
ʼtash	5
manayo	5
ʼku﻿c̱u/	5
ʼda/ʼda/	5
a/albun	5
nyoḵi	5
or/or	5
aluḵku/	5
ʼteʼd	5
ʼthiriʼb	5
aholʼkoʼd	5
ayewa	5
shoshor	5
/om	5
garisa/	5
wuṯule/	5
kok	5
goʼd	5
ac̱eʼth	5
jala	5
ashu/	5
ʼcany	5
monyjo﻿c̱o/	5
p̱eʼd	5
hony	5
reʼd	5
gamaʼth	5
alup̱	5
ʼtinin	5
c̱aʼbʼba	5
p̱in	5
hame/	5
ʼperaʼper	5
buḵe/	5
pumbulem	5
beneʼd	5
ʼceʼde	5
ʼbanyjaka/	5
roro﻿c̱o/	5
ʼthaḵ	5
manshi/a	5
p̱aʼdal	5
pwas	5
woŋʼkoʼdo	5
aloʼk	5
dhulʼce	5
albun	5
dodosh	5
aleheny	5
ḵwa/aḵwa/	5
bumbule/	5
guʼduʼd	5
ʼkoḵor	5
ac̱aʼbʼba	5
ʼdoḵol	5
ʼbaraʼd	5
yale/	5
ʼbar	5
anyarmasiŋ	5
bojorashwam	5
t͟hatha/t͟hatha/	5
waʼc	5
ṯiŋkwala/	5
bwanyjaka/	5
yanguʼb	5
thuma/	5
dhuga/	5
﻿c̱iŋitha	5
ḵathala/	5
ʼkoʼdi	5
ʼtiʼde	5
ʼthonthor	5
mmoṯaka	5
t͟haʼth	5
ḵura	5
ʼtoroʼcaʼtoroʼc	5
ʼto	5
jogom	5
bume/	5
pampi/	5
aʼtiʼde/	5
naraʼd	5
adena/	5
wuruŋ	5
ḵasindhola/	5
jalmaʼda/	5
baṯ	5
ʼdimpos	5
mo	5
iṯneen	5
arihany	5
neh	5
gwaṯe/	5
aʼpish	5
ṯuʼka	5
apu	5
lem	5
ʼtenʼtwa/	5
ʼdiḵil	5
ʼthayara/	5
guṯan	5
ʼdiye/	5
dhaho/	5
munthar	5
doṯ	5
ʼto/	5
manʼtish	5
a/ure/	5
albundhuḵiiya	5
adhop̱a	5
ḵasaraḵasar	5
ʼbiʼc	5
mam	5
ap̱ampara/	5
baṯariya/	5
muŋʼkup̱	5
moŋkushuʼd	5
shawish	5
baʼdabaʼd	5
akoŋkakum	5
ḵursha/	5
pimpi	5
biṯki	5
aṯiŋkum	5
loʼb	5
atha/	5
siʼd	5
alup̱e/	5
apapandhi/	5
aʼbosh	5
tiitila/	5
p̱i/	5
ʼduṯ	5
cer	5
birʼce	5
hiʼth	5
gimy	5
tentera	5
awulu/	5
ʼpish	5
ʼkumbula/	5
ʼtanʼtamo/	5
ariʼcenne/	5
t͟hatha/	5
ʼku﻿c̱i	5
nyaḵum	5
dhule/	5
timin	5
ʼkwaʼdasaʼkwaʼdas	5
doʼdosh	5
kuṯu	5
jinye/	5
ʼceʼk	5
ajuje/	5
juru	5
agwathanar	5
ʼtuḵ	5
aʼkurrul	5
hanaʼda	5
japuʼth	5
ayunʼthur	5
gadhe/	5
ʼkunyaa/	5
ŋariisha/	5
shiʼbil	5
ʼbapa/	5
doroʼd	5
ʼdoyu	5
coʼdo/ʼcoʼdo	5
aḵagor	5
amunyjar	5
aromp̱a/	5
sisilesisile	5
akwa	5
ac̱i/	5
alii	5
ʼtiŋkoʼba/	5
ḵululu	5
ḵashkum	5
janṯan	5
c̱ah	5
muraʼth	5
ṯar	5
juru/	5
amojurkum	5
jabuʼth	5
ashagale/	5
ḵunʼtush	5
nyal	5
nyamnyam	5
abargum	5
ʼpenawayu/	5
rihany	5
﻿c̱walala	5
ʼber	5
ayap̱	5
ʼkakaʼth	5
nya/e	5
ḵuŋkum	5
p̱iy	5
a/omaḵanthi/	5
ʼthaḵaʼb	5
uwiy	5
joḵga/	5
kolʼkoʼd	5
aḵaʼbany	5
﻿	5
kaʼbash	5
dhiʼc	5
ʼtwaŋkal	5
dhoroʼth	5
ciḵu	5
﻿c̱em	5
ṯalaata	5
kap̱aʼd	5
minthus	5
juje/	5
ʼthe	5
aṯel	5
ʼbir	5
marsaŋ	5
ŋwaca	5
ro﻿c̱	5
thok	5
ʼtoroʼca	5
saṯar	5
peʼde/	5
shiʼbilin	5
ʼbeleʼc	5
amuraʼth	5
ḵaʼdish	5
shoʼka	5
ʼthup̱a	5
olge/	5
shagale/	5
hanaʼd	5
ḵoŋkore/	5
mojurkum	5
ʼthusu	5
anyuruny	5
dhe	5
ʼkop̱inycwi	5
thiʼth	5
makamp̱o/	5
piyya/	5
warondhella/	5
nyoʼka	5
adas	5
adhadhare/	5
beya	5
ʼdoŋkoro/	5
yondilany	5
p̱uny	5
nyaraŋgwaybip̱	5
adhamo	5
ŋaha	5
dish	5
ʼdaŋ	5
﻿c̱ora	5
moŋʼkup̱aje	5
ʼkat͟h	5
mʼbaŋgap̱	5
ruhuny	5
iyash	5
dawa/	5
c̱aʼb	5
ṯal	5
ŋoʼk	5
dhaʼb/	5
bunyʼcan	5
aʼbi/	5
ame/e/	5
ʼbeʼd	5
ḵaŋkal	5
ḵasar	5
bo﻿c̱	5
t͟halpuja/	5
ashwakam	5
halashalas	5
shakal	5
maʼdiny	5
ʼkus	5
leʼdan	5
ʼkos	5
buŋʼkup̱	5
nyoŋkos	5
boshbip̱	5
isku/	5
guʼd	5
ḵaʼdamakaʼdam	5
aṯiŋko	5
ʼpena	5
taḵ	5
bedhu/	5
agagamis	5
gundhulu/	5
doḵu/	5
p̱wa	5
a/olge/	5
apenbubu	5
mudhinyʼcere/	5
ʼkwanaʼd	5
ḵanthi/	5
ajuʼd	5
dha/	5
aḵoʼbanyole/	5
p̱uʼda/	5
kaḵa	5
t͟huʼth	5
eḵa/eḵ	5
aʼcilaʼth	5
p̱ilis	5
jaʼnan	5
p̱untha/	5
dhip̱a/	5
dhanʼthi/	5
ṯiŋkila/	5
ḵaʼd	5
aḵoʼbanʼthi/	5
ʼcet͟hṯipiny	5
awuru/	5
ṯiina/	5
anawal	5
ʼcuma/	5
ayiḵan	5
beyabe	5
maʼdan	5
lot͟ham	5
gamunya/	5
dhadhare/	5
cagap̱	5
aṯu/u/	5
gap̱kon	5
taŋkal	5
pisapis	5
muʼb	5
ac̱iŋiʼth	5
t͟haʼbe/	5
nyoʼkanyoʼk	5
apama/	5
acalas	5
asimaŋgwar	5
ʼkaa	5
doʼk	5
ʼkwanya/	5
shaparashapar	5
monyeru	5
ḵasara	5
shanʼtamo/	5
akare/	5
bahban	5
ʼtha	5
awi	5
hapatha	5
amocurgum	5
bwayo	5
nyenyenyenye/	5
guraŋʼkoŋkom	5
momʼpeŋkaskum	5
mogoʼc	5
ʼcu/	5
miŋ	5
posinyan	5
kakaʼd	5
gwoŋḵan	5
puʼdunyapuʼduny	5
ʼcem	5
ʼkaʼbusa	5
t͟harmaʼc	5
jenena/	5
wulusiʼd	5
pis	5
tonyoh	5
ʼbap̱aʼbap̱	5
manciḵ	5
kumaḵ	5
sa/uʼth	5
shakapashakap	5
ʼci	5
ʼcwaham	5
agurush	5
wala﻿c̱	5
diṯadiṯ	5
ʼka	5
p̱iʼkir	5
ʼbwa/yin	5
ʼthip̱	5
walaʼthwalath	5
ʼcoleŋkush	5
ṯaŋka/	5
﻿c̱eker	5
yapas	5
manʼkuwosh	5
ap̱uny	5
arup̱a	5
gwagam	5
sil	5
riʼc	5
kaʼbal	5
thaʼc	5
ʼkoʼko	5
adiṯi/	5
aduna/	5
aʼthayara/	5
ʼkwaʼda	5
﻿c̱enthuluny	5
mama	5
adheʼc	5
kuʼth	5
adedili	5
amur/	5
ʼkoloŋʼkosh	5
habus	5
tara	5
yinyʼcira/	5
nyuruny	5
naŋa/	5
gwaŋaʼb	5
dolgonaḵoʼba/	5
rup̱	5
bereʼth	5
sere﻿c̱	5
ʼkumpu/	5
ap̱umbule/	5
abapawup̱i	5
misa	5
aʼthiḵaʼb	5
maŋkosh	5
ces	5
woʼd	5
ʼpe	5
sukule/	5
agamu/	5
yiʼth	5
ʼkakatha	5
gathe/	5
ware/	5
p̱ur	5
ajap̱a/	5
nyaḵke	5
ḵala/	5
ḵara	5
ḵunyculaḵunycul	5
a/iya	5
yuʼdyuʼd	5
ashaya/	5
korthe/	5
deḵa	5
p̱onthoʼk	5
yiḵ	5
wambar	5
jilaŋ	5
kulp̱e/	5
ḵwaranya/	5
ʼcuḵi	5
wop̱o/	5
aburaʼth	5
yeʼth	5
p̱uʼd	5
aḵoʼbanʼti/	5
gup	5
ḵuy	5
cija	5
meʼda	5
ʼdaŋkal	5
ḵoʼba/	5
ʼthep̱	5
aceny	5
amogo/	5
ʼthiḵaʼth	5
cunycum	5
shuʼbe/	5
haʼb	5
p̱inycaan	5
nyaho/	5
ṯiŋko	5
mayaḵ	5
wulem	5
jaʼnṯan	5
ḵucaŋ	5
sumpa	5
haruʼb	5
apiibi/	5
nyet͟hdhe/	5
agaloŋ	5
ʼthil	5
ḵwiyakwiy	5
ʼcur	5
ʼkosh	5
ʼbora	5
p̱esheʼd	5
ʼti	5
sim	5
sunyʼcesh	5
yahi	5
yesha/	5
ḵaraḵar	5
man﻿c̱i	5
bwawash	5
at͟hurmany	5
gaŋgar	5
wathwath	5
ʼthot͟ho/	5
hapathahapaʼth	5
ʼkwani	5
monte	5
shuṯa	5
seṯan	5
sharʼkaʼda/	5
nyaḵi	5
arus	5
wi	5
t͟host͟hos	5
kiki/	5
aburum	5
abereny	5
thoʼd	5
ḵwasinycama/	5
at͟haʼd	5
galoŋ	5
ʼthamo	5
awarnyara/	5
thekeʼth	5
aganya/	5
ʼpwaʼd	5
ceŋkel	5
aʼtinʼdash	5
adulaŋ	5
yundhur	5
mocurgum	5
ulula	5
aŋkal	5
ṯaʼk	5
gorrp̱o/	5
ʼbuʼth	5
nyaḵa	5
ṯiŋkum	5
mot͟htha/	5
ḵushale/	5
cwamp̱aʼd	5
bwamashi/	5
agawul	5
akusha	5
gurunya/	5
ʼbalatha	5
ḵirist͟hos	5
apuluŋ	5
lisa	5
ʼdoyi	5
p̱araŋkus	5
maṯṯaan	5
ayudhur	5
tash/	5
aʼkop̱	5
liṯ	5
abedhu/	5
soʼb	5
menmen	5
yaʼth	5
ac̱ony﻿c̱om	5
yeʼd	5
ʼthimaʼth	5
kwanthal	5
haḵim	5
jemʼper	5
ʼthar	5
jonyʼcwa/	5
aʼde/	5
ḵarpaʼc	5
bila/	5
﻿c̱or	5
ḵwa/a	5
ʼthap̱ar	5
om	5
ḵasaḵas	5
bwaŋgwaṯa/	5
ʼkap̱	5
lis	5
ʼtiʼde/	5
miyi	5
mwi	5
shwaʼb	5
agasaas	5
lindha/lindha/	5
mmoṯosha	5
awa/e	5
caya/	5
ayiʼd	5
agwap̱i/	5
ḵagor	5
se/	5
mimiʼc	5
hawhaw	5
amanciḵ	5
nyergon	5
ʼbil	5
jaŋajaŋ	5
ʼcwar	5
ŋalkum	5
ajithir	5
ḵaʼdum	5
yus	5
nyinyir	5
shwaʼba	5
gala	5
ʼcer	5
ʼkul	5
aḵarampa	5
bapa	5
wa﻿c̱kan	5
ʼkoro/	5
waʼda	5
gayy	5
﻿c̱onycom	5
a/almaʼth	5
ṯana	5
abapa	5
ṯula/	5
meʼd	5
biṯ	5
aṯula/	5
kaʼdam	5
wuʼth	5
mo/oṯ	5
ʼkakiʼc	5
warmash	5
p̱uʼda/p̱uʼda/	5
ap̱a/	5
ahaḵim	5
mo/oṯa	5
ṯoŋkor	5
maliŋʼkos	5
aṯera/	5
thammur	5
ḵos	5
suk	5
tenter	5
gumdhulu/	5
bwanti	5
ṯaʼbura	5
thaʼcthaʼc	5
jirish	5
bwaŋʼkup̱	5
yap̱yap̱	5
golga/	5
ḵuskun	5
akuṯu	5
ʼkuluŋʼkush	5
bwasho	5
a/iyam	5
ʼkuŋguʼb	5
malaʼtum	5
dhi	5
bo﻿c̱on	5
agaliʼth	5
aʼthoke/	5
kot͟heʼd	5
ric	5
gwaṯṯee	5
t͟hos	5
balgi/	5
suluʼd	5
mmosho	5
alam	5
wash	5
asunyʼcesh	5
album	5
kagamis	5
ʼthap̱ara	5
go﻿c̱or	5
ʼtwaŋko	5
ʼcesh	5
ḵany	5
yinṯacal	5
kun/e	5
hapus	5
asim	5
buraʼdwa/	5
ʼkunuʼd	5
ula﻿c̱ula﻿c̱	5
aʼbaʼth	5
nyee	5
penʼtum	5
sawot͟h	5
agayi/	5
mo/oṯamo/ot	5
shwarmaṯ	5
nya/	5
ʼkwaru	5
shampar	5
puni	5
mel	5
aduʼd	5
amanṯora	5
roʼd	5
nyahum	5
akakaʼd	5
ʼkuʼd	5
awariny	5
ʼkuwosh	5
samin	5
akuṯ	5
loko/	5
pumbule/	5
ŋama	5
ashawaal	5
﻿c̱edha/	5
anʼthiny	5
asura	5
halasiʼd	5
ʼcwara	5
wosguʼc	5
ḵaʼdishaḵaʼdish	5
guraasa/	5
ḵaʼdu	5
ya/im	5
imanʼkwar	5
maʼdu/	5
saʼd	5
gandhar	5
doḵ	5
dhedhe/	5
rup̱a	5
albar	5
ʼbambala	5
p̱una/	5
p̱oʼda	5
ʼdaḵe/	5
nyagu	5
gwath	5
aguraasa/	5
dhulany	5
aburmu/	5
ṯuʼk	5
ʼtampalʼtampal	5
akunu/	5
ṯoṯal	5
nyaranyaŋaʼb	5
baʼk	5
kop̱kony	5
rusarus	5
male/	5
ḵomo/	5
gugul	5
shapar	5
mokap̱a/	5
c̱iŋiʼth	5
kwa/a/	5
bambe/	5
aʼkwahara/	5
ʼbwah	5
shwakam	5
juḵ	5
c̱aga	5
awaʼb	5
dhamo	5
ʼboma	5
seʼk	5
ṯu/	5
man/uḵ	5
wakasiʼd	5
awolgwap̱i/	5
miṯi	5
ʼdimpu	5
aburaʼdwa/	5
gwaʼc	5
pamʼbe/	5
meʼdi	5
jaŋgala	5
adharaʼda	5
raḵi	5
ʼciŋgwat͟h	5
ʼpisira	5
eha/eh	5
naka	5
ḵwa/	5
aʼcu/	5
ʼdaŋkaliʼd	5
isila/	5
aʼtuʼd	5
asiʼb	5
asima/	5
gurr	5
gurush	5
akop̱kony	5
ʼkuḵuma/	5
konas	5
adawa/	5
agolga/	5
galiʼth	5
manṯora	5
waḵ	5
adhalmaa/oʼd	5
a/almaŋaʼd	5
ŋuraŋur	5
munya/	5
ʼthit͟h	5
ciʼc	5
ʼthaŋʼkos	5
ʼdiris	5
haʼba/	5
gunnin	5
ʼdi	5
ʼpip	5
ac̱enthuluny	5
ʼthoḵ	5
awala﻿c̱	5
ḵone/	5
agamaʼth	5
aʼciʼd	5
mondheʼd	5
araḵ	5
oʼd	5
ḵala	5
ʼcisaŋ	5
diṯi/	5
ʼbashoʼk	5
aʼcimʼbomi/	5
boliish	5
awuʼth	5
ʼdi/	5
aroḵ	5
calʼpeshe/	5
goṯgona	5
diʼda	5
ʼbambalaŋ	5
dhe/	5
du﻿c̱uʼd	5
mombway	5
li/ali/	5
ʼkwar	5
dhuliny	5
diriʼd	5
biyu	5
ganaʼth	5
konthola	5
ʼpeʼd	5
hamam	5
man/uka	5
ʼcuḵa	5
basayalga/	5
aḵurse/	5
ap̱araŋkus	5
jiso/	5
anyore/	5
kaa	5
kaʼthamo/	5
imanʼdoyu	5
asakaʼb	5
wule/	5
cuḵ	5
urwosh	5
baraŋgu/	5
awa﻿c̱a	5
dheyadhe	5
ʼcit͟h	5
luḵga/	5
po	5
ʼthot͟hoʼthot͟ho/	5
ʼpem	5
ʼthup̱uʼd	5
alema	5
dhindhal	5
akura/	5
agwaŋaʼb	5
ʼkaʼbus	5
yiḵin	5
ṯina/	5
ʼthot͟ho/ʼthot͟ho/	5
t͟hune/	5
maŋḵor	5
ŋalas	5
ṯuci	5
ʼcethen	5
soʼk	5
ʼdoḵola	5
nyore/	5
aḵwaye/	5
p̱oʼd	5
tha	5
baʼd	5
dhama/dhama/	5
seʼd	5
gwol	5
ayime/	5
a/album	5
lek	5
suʼduny	5
kapash	5
didiya/	5
aliṯ	5
pinyapinya/	5
thoʼk	5
ʼthenaʼthen	5
ṯalaaṯaṯ	5
miʼda	5
ʼdam	5
ḵaʼbany	5
p̱aʼc	5
doshoʼda	5
dohu/	5
burbuʼk	5
timpir	5
awash	5
asumpa	5
aṯiŋkwan	5
eha	5
sheŋʼka	5
thuḵ	5
dhel/	5
pwaḵ	5
ne/	5
yaʼdi	5
jaloŋ	5
suʼc	5
ʼceʼda	5
nyaw	5
ʼkumaʼc	5
ʼtampala	5
agadhe/	5
aneh	5
kosh	5
wambuhany	5
rep̱arep̱	5
ap̱oposho/	5
unycut	5
awuṯule/	5
ʼkulaʼkul	5
dheʼdes	5
ʼkamaʼth	5
minyjir	5
jase/	5
ʼtwaʼd	5
ŋas	5
ḵoŋkoro/	5
uḵ	5
aḵushale/	5
ʼboroʼd	5
noro/	5
abaṯ	5
ashakim	5
akukayu/	5
aras	5
ʼdun	5
p̱aʼk	5
akondhelel	5
monṯal	5
ʼteta	5
adhundhuŋu/	5
aboṯ	5
yime/	5
moliya	5
ceny	5
jiŋʼkoʼd	5
ḵura/	5
cile/	5
ʼdish	5
ʼtapula	5
ʼkup̱appo	5
p̱iw	5
abirapinya/	5
yihala/	5
jiḵ	5
aŋkir	5
selelaselel	5
kondhelel	5
wuru/	5
marmasiŋ	5
boṯki	5
mura/	5
suŋgwara	5
dharaʼda	5
janum	5
kuṯ	5
walaʼth	5
kaŋat	5
ʼdisha	5
imanʼkor	5
inya/	5
jano	5
bapam	5
waya	5
beb	5
aʼkumbula/	5
ʼdiŋiṯa	5
p̱eʼda	5
borboʼk	5
ʼbithaʼbiʼth	5
aʼbom	5
tony﻿c̱aʼb	5
ajiso/	5
a/ulmany	5
anywa/a/	5
amat͟h	5
gash	5
ataʼda	5
maṯ	5
t͟hurmany	5
loʼk	5
akuʼth	5
ʼdo	5
awaro/	5
miʼd	5
ʼcwa/	5
peʼden	5
siʼb	5
gwami/	5
gunthar	5
jaṯi	5
ʼthaḵaʼbʼthaḵaʼb	5
monṯoʼc	5
at͟huʼth	5
wurup̱awurup̱	5
ʼbilʼbil	5
aʼtasha	5
ʼkwalmeʼd	5
guʼdaguʼd	5
gumaŋkur	5
ṯa/	5
ga﻿c̱kum	5
ʼkurum	5
jaŋgaljaŋgal	5
a/inya/	5
reyare	5
yiliny	5
abahban	5
lii	5
dhalmaa/oʼd	5
jaʼba/	5
ṯoʼk	5
jimjim	5
ʼdup̱	5
was	5
enʼthiny	5
ḵwasintimpir	5
awunandharaʼc	5
dwaŋkal	5
cep̱	5
ʼkaʼkara	5
mandhuruny	5
thuʼk	5
haʼdki/	5
aḵuŋkuthe/	5
ḵurse/	5
aʼtoʼb	5
aseʼd	5
ʼtiʼdem	5
ʼkat͟hilam	5
ʼthur	5
nyaŋgal	5
ʼdwa/a	5
pinypiny	5
deŋkeres	5
ayiṯ	5
ʼthena	5
ṯeʼdambor	5
puḵ	5
ʼbalathaʼbalaʼth	5
jaʼdan	5
dumpale/	5
amamaʼda/	5
thina	5
maŋkanka/	5
ŋʼkoʼd	5
wombor	5
nyaŋaʼb	5
de/	5
ʼkoloʼc	5
ʼdup̱un	5
﻿c̱al	5
ʼkwaniŋ	5
bapawup̱i	5
hom	5
kuʼc	5
awule/	5
ṯwa﻿c̱	5
gwandhal	5
ataṯa	5
u﻿c̱im	5
iyu/	5
bwaʼd	5
ʼtim	5
athuḵ	5
akat͟h	5
ṯoʼc	5
amale/	5
rasacwahan	5
halla/	5
walgwap̱i	5
maŋkal	5
caʼd	5
awop̱o/	5
ʼpenaman	5
ḵwashkam	5
kura/	5
bot͟hdha/	5
minyʼcil	5
areha/	5
p̱usap̱us	5
alonthot͟h	5
ʼkan	5
thiḵ	5
aʼka	5
waraḵ	5
ʼkarkalula/	5
shaʼda/	5
wiy	5
ʼkwanin	5
a/oḵkon	5
﻿c̱e	5
ʼtampal	5
tol	5
﻿c̱aʼb	5
ḵukayu/	5
ʼpen	5
jenʼthi/	5
woʼthwoʼth	5
ḵaniisa	5
jiʼbjiʼb	5
aʼkash	5
waḵga/	5
ʼbitha	5
korola	5
ḵwiya	5
dhela	5
aḵwaʼc	5
omaḵanthi/	5
ajwahar	5
deḵadeḵ	5
ʼthot͟h	5
bomboḵ	5
awarge/	5
athus	5
ḵaŋkuruʼc	5
ḵuny	5
taʼda	5
momʼbiʼth	5
ʼbo/a	5
ʼthaḵa	5
shakim	5
kanya	5
dhodhoʼde	5
dulaŋ	5
abot͟hdha/	5
aḵura/	5
u﻿c̱aŋ	5
ʼbo/	5
ʼtam	5
ʼkwaʼdaʼkwaʼd	5
ṯiro/	5
athuma/	5
﻿c̱umpal	5
ʼpera	5
wuʼc	5
up̱a/up̱	5
bage/	5
waʼb	5
ʼdiŋkila/	5
polosh	5
manyeḵa	5
guʼb	5
﻿c̱iŋkina/	5
aḵos	5
adhe/	5
buraʼth	5
ṯaʼb	5
aʼdwa/a	5
nyambul	5
pisa	5
ḵwanyḵwany	5
penbubu	5
mumpur	5
jinthir	5
dharp̱oʼk	5
ḵoʼk	5
ʼthiʼk	5
moyurante	5
thiḵga/	5
amanaʼcuma/	5
agwandi/	5
agwaʼc	5
kwiy	5
yiʼdeŋ	5
ayeʼd	5
ḵuya	5
dhena	5
manʼkuwush	5
ʼkop̱	5
yatha	5
luthuth	5
hony/	5
aʼdaḵ	5
̱ṯo/	5
p̱uthulap̱uthul	5
buculu/	5
diʼb	5
aduhal	5
dhuluny	5
tiltil	5
ṯe/	5
papandhi/	5
akat͟hin	5
teŋ	5
lah	5
kokoris	5
ṯora	5
siʼdu/	5
amura/	5
piyanto	5
pama/	5
dhura/	5
ʼdaḵ	5
me/e/	5
adish	5
p̱eʼth	5
aŋule/	5
badha/	5
moḵ	5
ʼthi	5
ʼkuny	5
abubur	5
aʼtaʼdama/	5
gusu	5
aʼcole/	5
adhedhe/	5
jola	5
ʼbwa/um	5
gwargaʼc	5
apampe/	5
haʼdki	5
adhip̱a/	5
kwalanyakwalany	5
maṯin	5
ʼtho	5
ʼcim	5
dhanʼtho/	5
koloʼd	5
c̱aʼba	5
bure/	5
tok	5
jiṯ	5
ʼtwaḵi	5
c̱eʼth	5
dhendheŋe/	5
ʼbinycilaŋkus	5
ap̱or	5
kothoḵ	5
﻿c̱wa	5
ʼbila	5
asho/	5
caʼb	5
dhorothadhoroʼth	5
buḵ	5
ḵoʼbaŋ	5
janycal	5
yoro/	5
homotha	5
ʼkakathaʼkakaʼth	5
adhiŋdhiŋ	5
ʼkoḵoraʼkoḵor	5
mondiṯ	5
la/aʼd	5
ʼkaʼd	5
p̱ura	5
dhawa/	5
rena	5
aʼbeḵeleʼc	5
yalgon	5
ʼceṯ	5
ʼpac	5
﻿c̱umpula﻿c̱umpul	5
ayoro/	5
ṯuʼc	5
dember	5
ahaḵuma	5
ʼthiḵam	5
ṯupa	5
ṯaʼburaṯaʼbur	5
dedili	5
jisanʼce	5
ḵuthaḵuʼth	5
shuʼb	5
ʼcilila	5
isira/isir	5
ga﻿c̱	5
moŋʼkoki/e	5
a/uyy	5
asabun	5
agogoro	5
ʼtharʼthar	5
tiḵ	5
nyoh	5
ajilaŋ	5
gorosh	5
ʼbi﻿c̱ila	5
manaʼcuma/	5
ʼtoc̱	5
aḵashira/	5
abasayelga/	5
ḵal	5
sili/	5
nuŋkure/	5
shwaʼk	5
manamis	5
ʼbi﻿c̱ilaʼbi﻿c̱il	5
ko﻿c̱	5
yen	5
japana/	5
aʼkuʼd	5
nya/a	5
kaʼtum	5
ap̱eʼdo/	5
ṯapuraṯapur	5
dhamun	5
jem	5
ṯeʼd	5
aṯiʼd	5
kalkalla/	5
athulas	5
ʼcwam	5
yapus	5
uṯ	5
aʼthiḵam	5
asuŋgwara	5
taratar	5
amarsaŋ	5
ac̱enthel	5
aʼkalis	5
sabun	5
mamʼpem	5
kodha/	5
iyina	5
mahany	5
ṯuʼku/	5
ḵoʼbanʼthi/	5
ateta	5
leʼd	5
﻿c̱ambale/	5
gwaṯṯi	5
mudheʼd	5
p̱uthul	5
ʼteʼda	5
ruḵ	5
ʼbara	5
amwi	5
aliip̱a/	5
siʼdasiʼd	5
gwampos	5
ʼkwanim	5
shiʼd	5
ganin	5
doŋgon	5
sasi/	5
aʼcilman	5
niṯan	5
jeṯjeṯ	5
aʼdiye/	5
thil	5
burmu/	5
anyer	5
p̱ulpu﻿c̱u/	5
nyamʼpu/	5
ʼkwaskam	5
guḵ	5
ʼtuma	5
momʼpenate	5
aʼkat͟hila/	5
ʼkwa	5
ʼta	5
homoʼth	5
cwaha/	5
jeʼth	5
agalam	5
ʼten	5
luŋguʼb	5
masha/	5
muta	5
toŋgure/	5
yu/ayu/	5
bwat͟ha/	5
diṯa	5
diṯ	5
ʼthiliʼd	5
ʼkam	5
ʼkume/	5
ʼkwaʼdasa	5
ʼceŋʼcet͟h	5
nyarmasiŋ	5
ṯwar	5
atash	5
aḵaʼdum	5
athulp̱e/	5
ap̱i/	5
cwa﻿c̱a	5
bwaŋganya/	5
ayalaŋkop̱	5
haʼc	5
ʼbanyjaha/	5
galam	5
nyahi	5
gwaʼdaʼd	5
aʼduṯ	5
ʼpuny	5
﻿c̱uʼb	5
duḵa	5
﻿c̱ih	5
ʼtwamam	5
c̱aʼbaʼd	5
ʼbirisha	5
ame	5
agaca/	5
ʼthamo/	5
bwambi	5
dudul	5
ʼbameʼda	5
shiin	5
nuʼk	5
ṯera/	5
ḵoʼbanʼti/	5
aloko/	5
mur/	5
imugu	5
isinʼte/	5
almaŋaʼth	5
hudhur	5
toŋḵuthuʼd	5
peʼd	5
mergwo	5
ulul	5
naru/	5
amaŋkal	5
amaṯin	5
thes	5
ʼtham	5
﻿c̱oros	5
p̱u/a	5
guṯ	5
doḵoʼd	5
bulu/	5
waʼd	5
nyoḵ	5
lalaʼth	5
birapinya/	5
ape	5
babur	5
momʼpimpili/	5
dudawuluʼd	5
maa/	5
nyo/oʼd	5
aleḵeny	5
santhuuḵ	5
jindhir	5
naskina	5
benṯa/	5
ʼkosha	5
p̱olony	5
moŋgurum	5
t͟haskum	5
duḵuʼb	5
wasiila/	5
kokota/	5
ʼtih	5
nana	5
mandhoke/	5
ṯapur	5
boʼc	5
bena	5
hapas	5
asimaŋkup	5
garis	5
kare/	5
aḵuŋkum	5
dudawul	5
suʼdunya	5
ep̱	5
c̱umpula﻿	5
arasacwahan	5
gwaṯṯan	5
leheny	5
﻿c̱emeʼth	5
ʼkohora	5
jendum	5
siʼdiʼd	5
bathariya/	5
doḵu	5
apiyya/	5
ʼciʼd	5
man	5
ḵululaḵulul	5
agas	5
ʼbwa/yim	5
ṯaʼc	5
thuḵuʼb	5
awuṯ	5
turuʼd	5
ḵaʼdama	5
dhedheʼd	5
up̱e/	5
ʼcu/uʼc	5
kinnii	5
p̱uthula	5
ŋalp̱a/	5
shul	5
jaṯṯee	5
gomoʼda	5
ṯu/ulu	5
babaran	5
yu/a	5
ʼcole/	5
nyaŋʼkoʼd	5
asheṯ	5
dhi/iʼd	5
dhudburu/	5
lema	5
ʼtiyaʼti	5
asuuʼk	5
pwat͟haʼd	5
ʼkup̱a	5
ʼpiya/	5
p̱ilithi	5
tha/	5
guje/	5
warge/	5
aḵura	5
shakapa	5
ḵoʼc	5
shilmaṯ	5
ropo﻿c̱	5
shi	5
konṯaŋka/	5
ṯu/atu/	5
cwaḵa/	5
akuʼd	5
p̱umbule/	5
ʼtasha	5
aʼcim	5
bom	5
ʼku	5
athoḵ	5
kany	5
kayaa	5
ko﻿c̱a	5
bothoŋ	5
ʼthiḵaʼthiḵ	5
daha/	5
ʼce	5
wanyjara	5
kulu	5
p̱iʼdna/	5
agayy	5
gwaʼd	5
jonyʼcwaambunyan	5
aluʼd	5
bwaŋguʼb	5
dhama/	5
rep̱gon	5
doshoʼd	5
﻿c̱o	5
aʼkwaʼd	5
walath	5
ṯirrish	5
adhudhuru/	5
guluʼc	5
ʼkunya	5
ʼcuḵ	5
ḵaʼdisha	5
atin	5
haʼba	5
cwa﻿c̱acwa﻿c̱	5
luḵku/	5
ḵunycula	5
hikiʼda	5
aʼkwanya/	5
nyaŋkoʼd	5
ʼpemen	5
maḵana/	5
ʼciŋkila	5
taŋgaye/	5
adihar	5
ombora/	5
toyin	5
shiiny	5
nyaha	5
shuṯashuṯ	5
ḵukus	5
barashiʼd	5
ʼcuju/	5
ʼceenne/	5
nyaraŋwol	5
ʼthi/	5
ʼkwaʼdas	5
dapal	5
ʼcisinjis	5
akuyu/	5
aḵur	5
biʼc	5
muḵ	5
shapara	5
ashawish	5
kaʼbany	5
baŋgal	5
ʼtuʼda	5
shawashu	5
gwaʼda	5
thoḵ	5
wasacwaye/	5
aḵ	5
bishkiir	5
gas	5
wa﻿c̱a	5
marip̱a	5
ʼceʼs	5
a/ombasha/	5
kwas	5
aʼdiŋkila/	5
ḵucura	5
aʼciŋgwat͟h	5
waraŋgwaḵ	5
ḵulul	5
ʼciŋkil	5
yahuda/	5
jaṯan	5
ʼcis	5
akap̱a/	5
ḵoʼbanyole/	5
isijimbuye/	5
awaŋʼkoʼd	5
ʼbalaʼc	5
jwahar	5
ʼcimiʼth	5
p̱ala﻿c̱	5
yuḵa	5
ʼtaʼdam	5
aḵugwayu/	5
ḵuʼth	5
amudhinyʼcere/	5
kucul	5
abeʼc	5
ʼcena	5
asukule/	5
ʼtwaḵ	5
shom	5
shubaaʼk	5
nyoʼk	5
ʼceʼdu	5
ŋahaŋah	5
kaḵ	5
abiʼc	5
ʼthip̱in	5
kakare/	5
aroro﻿c̱o/	5
das	5
gwahi	5
bwap̱i/	5
caga/	5
kuʼd	5
dasi/	5
aunycut	5
mudhul	5
thiʼththir	5
dheya	5
asaʼd	5
ʼthus	5
loth	5
haʼth	5
ʼthilaʼthil	5
aʼdi	5
tiimin	5
sukuʼda	5
shuṯ	5
ḵwaraʼth	5
shakap	5
adhana/	5
a/era/	5
aʼthap̱a/	5
ʼperaras	5
ayiliny	5
anet͟h	5
yiʼd	5
ʼkup̱an	5
ʼcit͟han	5
maŋas	5
ʼkoʼda	5
ʼcalga/	5
ṯiʼd	5
dhanthi/	5
gugugugu	5
shekep	5
yunnin	5
goŋgo	5
amasha/	5
ʼcoḵ	5
bwanyin	5
sawar	5
adha/	5
agordhe/	5
monʼthamo/	5
ʼdishaʼdish	5
yilantiya	5
ḵunycul	5
goʼdgoʼd	5
jithir	5
mubur	5
ʼtaʼd	5
dhuŋku/	5
haʼk	5
wasaʼd	5
dheldhel	5
almaŋaʼd	5
ʼcemen	5
waliile/	5
laŋas	5
ap̱iʼdna/	5
basayelga/	5
ʼkwahara/	5
﻿c̱walala﻿c̱walal	5
ʼboṯ	5
yalaŋkop̱	5
shiʼbiliʼd	5
ḵwaʼc	5
awal	5
nayiʼd	5
rabaʼc	5
ʼkwarany	5
duna/	5
pampara/	5
tombwasho	5
ʼtwa/	5
ʼdoḵolaʼdoḵol	5
liip̱a/	5
ababaran	5
bemberes	5
alisa	5
ʼdihe	5
ajala	5
ʼthiḵaʼb	5
aʼkwaʼda	5
mambar	5
wothwoʼth	5
eḵi	5
wugur	5
manko	5
adhulany	5
cwa﻿c̱	5
aʼboṯ	5
ṯoʼdo/	5
pimpi/	5
aʼkwash	5
ʼbimpil	5
ḵas	5
musmaru	5
ʼthenthera/	5
jeger	5
ʼtiya	5
aguḵgameʼd	5
nyap̱a/	5
monduhuʼd	5
akonṯaŋka/	5
ʼtuʼd	5
ʼdash	5
bocin	5
ʼdolkon	5
jegerajeger	5
simaŋʼkup̱	5
mase/	5
jo﻿c̱	5
madhaḵ	5
wus	5
ʼpiny	5
ʼceʼd	5
malo/	5
aṯuʼc	5
ʼthime/	5
monṯel	5
koʼd	5
mut͟htha/	5
yahan	5
mondhurumiʼd	5
at͟haskum	5
eesh	5
janʼtash	5
ʼthir	5
wa﻿c̱	5
apiyanto	5
ṯoʼd	5
piʼd	5
ulla	5
ḵamushu/	5
koŋgom	5
thulp̱e/	5
dwaḵ	5
ʼkup̱aʼdup̱un	5
jale/	5
jip̱inya/	5
ḵuŋkuthe/	5
ʼdaŋkalaʼd	5
banybany	5
agabusha/	5
ʼthap̱araʼthap̱ar	5
aŋariisha/	5
maŋgaris	5
taŋ	5
ḵurthumandhaŋ	5
a/uṯ	5
adhanas	5
shenyje	5
adapal	5
diʼd	5
guŋgurus	5
ʼkaŋkah	5
bwantoŋḵuthuʼd	5
abasayalga/	5
shoʼk	5
woʼth	5
bwaŋḵa/aʼd	5
ʼtoroʼc	5
ṯupaṯup̱	5
anyamʼpu/	5
﻿c̱iṯan	5
ḵarampa	5
bubur	5
aʼtiʼdem	5
ʼcimʼbomi/	5
gunya/	5
awulem	5
me	5
awombolosh	5
wuṯuleŋ	5
gwaʼdagwaʼd	5
nyaḵan	5
agorko/	5
daḵa	5
p̱il	5
bambar	5
aʼdoŋkoro/	5
sakaʼb	5
ʼte	5
ʼcit͟ha	5
rip̱	5
bunto/	5
agwaṯa/	5
aʼkume/	5
adidiya/	5
agolosh	5
rep̱en	5
jwap̱a/	5
ʼpeni	5
mogo/	5
ʼkup	5
ḵasintimpir	5
yanhan	5
ʼpeŋgwar	5
dhamuna	5
ʼbalaʼcʼbalaʼc	5
cumaṯ	5
hanaʼdahanaʼd	5
raḵ	5
nyur	5
sisile	5
luʼd	5
amunya/	5
gaʼb	5
ʼpeʼda	5
yiṯ	5
akaŋat	5
acu	5
ŋaŋe/	5
ḵuʼba	5
ʼbwap̱iyu/	5
ajenena/	5
ʼtuntul	5
eḵa	5
ʼbap	5
ḵar	5
yiʼde/	5
ʼkashaʼd	5
ṯan	5
agunya/	5
gaca/	5
p̱urinye/	5
ḵomoyiira/	5
abume/	5
aʼbiʼc	5
bulus	5
abenṯa/	5
ʼcunycura	5
ole/	5
adhawa/	5
asap̱iya	5
dhaŋḵapʼba/	5
ʼbirish	5
emalo/	5
athammur	5
aʼdup̱un	5
ḵuyaḵuy	5
﻿c̱arkum	5
ayetha	5
ṯaka	5
aʼthi/	5
ʼtwah	5
uyy	5
ʼcililaʼcilil	5
akup̱a	5
pusha	5
p̱usa	5
di/	5
ṯule/	5
teṯda/	5
kwaʼk	5
ʼtum	5
dheladhel	5
ʼte/	5
munya	5
taṯa	5
tente	5
duʼd	5
ʼbiʼth	5
ʼthoʼk	5
wa/e	5
abam	5
ḵwalap	5
ʼpiʼd	5
simayoro/	5
thiŋ	5
ḵu/	5
aru/	5
manṯor	5
p̱oʼdap̱oʼd	5
amokap̱a/	5
ṯul	5
﻿c̱wany	5
agwajayilil	5
kuṯakuṯ	5
ṯer	5
anon	5
mampara/	5
ʼthen	5
ʼbimbil	5
ʼcet͟heʼda	5
tonycuk	5
wush	5
goṯa	5
acuḵ	5
wuṯ	5
yudhur	5
awaraʼk	5
﻿c̱iŋʼkoʼd	5
wunandharaʼc	5
tolinʼtwa/	5
ṯosh	5
akolgony	5
bintente/	5
ʼtaʼdama	5
apeŋkush	5
dhis	5
mu	5
tekelatekel	5
adhereʼth	5
ʼkoʼd	5
cuḵuʼd	5
ayis	5
ajirish	5
ʼcum	5
ajeka/	5
agaŋgara/	5
ʼpere	5
awejew	5
tekela	5
p̱aʼd	5
ʼdwa/	5
jaŋgal	5
ʼko	5
﻿c̱iṯṯan	5
ṯaʼbur	5
ʼdaŋga	5
ŋule/	5
ʼkwandi/	5
duny	5
abirawariny	5
koroḵ	5
aʼcesh	5
abintente/	5
ʼbambala/	5
ʼkaʼbusaʼkaʼbus	5
aguje/	5
adoʼk	5
baʼde/	5
p̱em	5
gorko/	5
bwaŋḵaʼdki/	5
mmomiya	5
kaḵakaḵ	5
thwaŋga/	5
ehi	5
abuŋan	5
ʼbom	5
﻿c̱onyom	5
morosa	5
gusuʼda	5
ʼcolenʼthi/	5
ḵariny	5
ʼtu	5
goṯ	5
monʼthiny	5
gwaṯan	5
ajaŋajaŋ	5
tonyoḵ	5
ḵorne/	5
puʼdunya	5
cwanthele/	5
ʼtaʼdama/	5
tonṯe/	5
cilmis	5
gapul	5
jahamʼba/	5
gaʼd	5
aʼkwaʼc	5
thih	5
jo﻿c̱on	5
yathayaʼth	5
ḵan	5
aʼthe	5
awombor	5
ʼtwaman	5
ʼdip̱ira/	5
koŋkakum	5
awaḵga/	5
﻿c̱ithiʼd	5
agamunya/	5
﻿c̱iŋkira/	5
siʼda/	5
wat͟hke/	5
nare/	5
guraŋʼkoŋom	5
aga﻿c̱kum	5
guʼda	5
moŋʼko	5
aḵoʼbaŋ	5
duntul	5
ʼkup̱aʼkumeʼd	5
naʼth	5
mamaʼda/	5
hami	5
besa	5
maŋkin	5
piliis	5
ishkaʼd	5
aʼbuʼth	5
ʼbwashu	5
mo/ot	5
aguṯan	5
ḵutha	5
buŋ	5
ʼbilaʼbil	5
ṯoron	5
remes	5
u﻿c̱iilu/	5
ajew	5
ʼbor	5
munshaar	5
gwaʼdan	5
yewa	5
akolʼkoʼd	5
teʼda	5
waʼth	5
thele/	5
sap̱iya	5
ʼkaʼdaʼkaʼd	5
﻿c̱uʼth	5
wanyjarawanyjar	5
ʼbaʼth	5
ʼkat͟hila/	5
bapal	5
aʼpiʼb	5
c̱aʼbi	5
selel	5
dhoŋ	5
saaʼb	5
kurko/	5
ayundhur	5
raḵa	5
akun/e	5
nyaḵ	5
yuḵ	5
monyʼcesh	5
ʼcet͟hi	5
apir	5
ʼkaʼda	5
isir	5
gaca	5
suuʼk	5
p̱er	5
na	5
bapaḵaana/	5
jiŋgiliʼth	5
ʼciŋgile/	5
p̱usulap̱usul	5
muk	5
lup̱	5
ʼcith	5
ʼkup̱	5
ʼkaʼkaraʼkaʼkar	5
wariny	5
ateṯda/	5
abapam	5
anyet͟hdhe/	5
ŋamaŋam	5
ʼcalganturʼpen	5
oḵkon	5
ʼthiḵ	5
isʼte/	5
ḵi/	5
ashoʼk	5
dhothinyʼcena	5
deḵken	5
ʼdap̱	5
ʼdaŋgaʼdaŋ	5
ʼba/	5
adham	5
cip̱iny	5
adeŋa	5
ʼcoloʼc	5
nya/ay	5
aʼthime/	5
p̱u/apu/	5
ʼpinya	5
dhire/	5
suʼdunyasuʼduny	5
basal	5
sapat͟h	5
ajet͟hkum	5
jenen	5
ṯop̱	5
kuculakucul	5
at͟hat͟h	5
ʼbore/	5
thimiʼd	5
gurkoŋgadhe/	5
adhiriny	5
c̱enthuluny	5
rurup̱	5
dhamkin	5
p̱ambule/	5
abaraŋgu/	5
ʼbosh	5
c̱e/	5
baṯo/	5
heʼth	5
ʼcemeny	5
ʼku﻿c̱ur	5
mimbir	5
ʼkohor	5
﻿c̱umpula	5
ʼkeŋketh	5
agaca	5
adharp̱oʼk	5
ane/	5
ʼkohoraʼkohor	5
shiishi/	5
dhabus	5
abombok	5
ʼkon	5
ʼpiʼb	5
anyaw	5
ŋasŋas	5
abirish	5
waṯ	5
ʼbameʼd	5
aʼkat͟hilam	5
p̱ulul	5
ʼdahe/	5
ʼbeḵeleʼc	5
teʼd	5
jol	5
mo/uḵ	5
ṯwa﻿c̱ṯwa﻿c̱	5
ha/	5
thiny	5
shupuṯ	5
ure/	5
holʼkoʼd	5
ʼdahan	5
duḵaduḵ	5
ʼthup̱	5
p̱usul	5
mokap̱aʼd	5
jeŋkaram	5
hawus	5
go	5
ʼdap	5
cwanyʼcit͟han	5
adhendheŋe/	5
ŋoḵ	5
laḵ	5
awaraḵ	5
tutuwul	5
ʼkwaʼc	5
burushaburush	5
adhuga/	5
ʼbaŋgap̱	5
baybal	5
ben	5
ʼduthaʼduʼth	5
shuʼdi/	5
nuruʼd	5
ʼko﻿c̱kom	5
amaḵ	5
ap̱ulpu﻿c̱u/	5
ahaʼba/	5
ʼcenyjile/	5
anyoŋkos	5
thalp̱uja/	5
﻿c̱inu	5
kashaŋalkin	5
yasi	5
aʼkwaʼk	5
maligon	5
ṯiŋkwan	5
shesh	5
i/iya	5
ṯel	5
ayondilany	5
ṯorosh	5
wejew	5
amarmasiŋ	5
maliŋḵwal	5
amandhuruny	5
shumuṯ	5
dhirdhir	5
nyith	5
ʼban	5
dhorotha	5
﻿c̱ithi	5
aʼci	5
﻿c̱ekin	5
dharaʼc	5
liwaliw	5
ʼkwaskin	5
ʼkulush	5
tir	5
dhi/	5
ṯe	5
thenthem	5
dehey	5
alem	5
acish	5
nyaranycul	5
cop̱ony	5
ḵarinya	5
gadhiya	5
ʼkunyaʼkuny	5
ʼper	5
gwaṯa	5
ayiʼc	5
ajeʼth	5
manḵor	5
﻿c̱aaus	5
dhaciiʼc	5
ʼkalis	5
yap̱iya	5
ʼtul	5
ṯup̱	5
a/uwiy	5
duḵ	5
ʼtaʼdamaʼtaʼdam	5
akumaḵ	5
dheʼth	5
era/	5
ayeʼth	5
jiṯi/	5
ʼbamʼbaḵ	5
ḵuŋkuthu/	5
p̱urap̱ur	5
ʼbi﻿c̱il	5
aʼthep̱	5
p̱eʼden	5
ʼdan	5
yu/	5
imanciḵ	5
jole/	5
sukkar	5
pedoŋgon	5
ŋaŋas	5
shabaga	5
dwal	5
p̱oposho/	5
moḵot͟h	5
ʼkup̱i	5
wasa	5
ahomoʼth	5
ashile/	5
punday	5
asuŋḵa/aʼd	5
boṯ	5
gwanṯi/	5
jeka/	5
ʼtheḵ	5
ḵam	5
﻿c̱iya	5
ap̱ala﻿c̱	5
amase/	5
aʼdwa/	5
ʼdim	5
isira	5
munyjar	5
shoshoʼkko/	5
ʼkumeʼd	5
moŋgop̱oʼd	5
akulus	5
aʼcer	5
﻿ya	5
abuḵe/	5
amaṯ	5
warnyara/	5
ʼkwash	5
gurenyʼce	5
koromaʼkara	5
jolajol	5
ʼcilil	5
calas	5
kap̱a/	5
awiy	5
ʼbutha/	5
halasa	5
ahalla/	5
boʼcka/	5
kakashapa/	5
abumbule/	5
almagadhan	5
atu/	5
p̱iyiʼd	5
akaḵ	5
hal	5
ḵuca	5
ḵanka/	5
mampal	5
jorge/	5
nyuʼth	5
arurup̱	5
ʼcara	5
suʼk	5
co	5
wuḵ	5
gwa/	5
ʼcwaḵam	5
aleʼdan	5
gurembul	5
ḵwalal	5
li/li/	5
yuḵayuḵ	5
moḵamoḵ	5
ombasha/	5
net͟h	5
gargar	5
muṯa	5
c̱ony﻿c̱om	5
ʼkwaḵe/	5
gwandi/	5
cuwa/	5
simaŋgwar	5
nur	5
adudawul	5
jintur	5
ashabaga	5
gwathanar	5
asaaʼb	5
akus	5
ʼbeʼdʼbeʼd	5
aʼtash	5
awasiila/	5
ḵasa	5
muʼth	5
ajinye/	5
p̱alal	5
manyjal	5
ʼkurrul	5
ʼduntul/	5
ayale/	5
dhurumadhurum	5
jet͟h	5
baʼda	5
mobinto	5
uth	5
bereny	5
ashilmaṯ	5
aḵwaraʼth	5
aḵoŋkoro/	5
leḵeny	5
ʼtheres	5
dheye	5
ahaʼdki	5
ajuʼda	5
esh	5
yiʼc	5
coʼcoloʼc	5
shiimi	5
bwapil	5
ʼdas	5
sunysuny	5
simaŋkup	5
eʼk	5
awarondhella/	5
aʼcuma/	5
almaʼth	5
ʼbirishaʼbirish	5
shwaʼd	5
ciḵ	5
ʼkayiʼd	5
nyahan	5
dhuŋʼku/	5
ʼthap̱a/	5
ʼboraʼbor	5
awuruny	5
ʼkaliʼth	5
aŋwa	5
teʼdateʼd	5
dhanas	5
﻿c̱walal	5
ḵashungura/	5
ṯarabesa	5
ʼperi	5
daraʼd	5
ʼdeʼk	5
bwanyʼce	5
dhereʼth	5
empaʼd	5
ajep̱	5
gwaṯṯaan	5
ḵarash	5
jap̱a/	5
yaʼd	5
poshon	5
a/iyash	5
ʼdutha	5
raha	5
asa/uʼth	5
buʼth	5
mondhedheʼd	5
awaḵ	5
marcekeʼc	5
ʼcet͟h	5
amut͟htha/	5
ʼceny	5
mantom	5
juʼda	5
wuruny	5
ʼtwaaʼcesh	5
p̱a/	5
kumma/	5
wathi	5
ʼtip̱kany	5
eḵ	5
aʼceʼk	5
ʼkar	5
awulp̱e/	5
agurum	5
daḵa/	5
ʼcisan	5
ʼthut͟h	5
ʼkup̱unycwa	5
awarmash	5
simin	5
mmo/	5
cwala/	5
amalaja	5
beʼc	5
malaja	5
ḵaʼdam	5
p̱eʼdo/	5
athwaŋga/	5
heʼk	5
guʼba	5
aom	5
ʼdihil	5
baʼdaʼd	5
thaajir	5
ḵur	5
ʼpacaʼpac	5
ḵucaḵuʼc	5
wanthi/	5
jwap̱a	5
ʼcunycur	5
ḵaw	5
ʼkash	5
bwaŋgap̱	5
nathaar	5
ṯu/u/	5
hadada	5
warondhiwic̱	5
aʼtip̱kany	5
ʼbwa/	5
ʼtuʼduʼd	5
ʼdishe/	5
amanko	5
sheṯ	5
beʼd	5
ʼbic̱ira	5
ṯwakaraʼd	5
kaʼbbash	5
gawul	5
garisandham	5
abambe/	5
a/iŋkilis	5
ajisilaan	5
wupuʼda	5
moḵa	5
akoroḵ	5
gayi/	5
kontholakonthol	5
dhuruma	5
cish	5
maḵ	5
﻿c̱iŋ	5
baʼth	5
ʼkwali/	5
aʼthimaʼth	5
siʼda	5
shaya/	5
aḵas	5
tenteratenter	5
ḵa/	5
t͟harabesa	5
adhura/	5
thaasi/	5
ṯash	5
ʼka﻿c̱ir	5
ʼbiʼbi	5
jithe/	5
mali/	5
ʼbi/	5
nywa/a/	5
gwaṯa/	5
cir	5
ṯwakar	5
abasal	5
aḵoʼba/	5
cup̱uny	5
﻿c̱iṯṯaan	5
cisa/	5
gogoro	5
ko﻿c̱ako﻿c̱	5
engulay	5
ḵashira/	5
ator	5
apumpuku/	5
jaŋgalajaŋgal	5
ap̱inyjan	5
reha/	5
agora	5
nya/anya/	5
ʼtoʼb	5
﻿c̱aan	5
kuṯa	5
ʼku﻿c̱	5
isayempa/	5
ajapana/	5
ʼthup	5
ʼtina	5
anyaḵke	5
aŋa/	5
ḵwaye/	5
lalu/	5
agaspiriʼc	5
ḵwal	5
moʼk	5
ʼbo/aʼbo/	5
doṯon	5
olo﻿c̱	5
ʼkuṯ	5
juwaka	5
gusuʼd	5
aboʼcka/	5
wombolosh	5
ʼdap̱a	5
naha/	5
ʼdaŋa	5
shwaʼtiʼde/	5
ʼbʼthaḵaʼb	5
gwosalkin	5
paʼd	5
kushuʼd	5
﻿c̱iʼth	5
gordhe/	5
ʼtampali	5
ajuḵ	5
ʼcilmis	5
duḵal	5
abom	5
ʼthup̱aʼthup	5
ʼkwaʼk	5
golosh	5
aʼkumaʼc	5
ʼpent͟hiʼth	5
momʼpeshoʼk	5
ḵwam	5
aburbur	5
apum	5
at͟hol	5
ṯaki	5
﻿c̱aʼckon	5
apimpi	5
peŋkush	5
nyeʼb	5
aʼthamo	5
ga/iriʼd	5
﻿c̱aʼcken	5
daḵ	5
ŋaʼc	5
gwanyjaḵa/	5
kokolili/	5
ḵuthar	5
dhuruʼc	5
puʼduny	5
thoth	5
ʼthila	5
a/urwosh	5
ʼpaca	5
dheʼc	5
gwaraŋgwaḵ	5
wup̱wup̱	5
haḵuma	5
iŋkilis	5
ʼkula	5
ŋajan	5
laṯ	5
mut	5
ʼdiʼk	5
c̱walal	5
aleʼd	5
ʼkoḵora	5
yiḵan	5
mompeʼkup̱	5
abemberes	5
shuna/	5
ʼpenʼtish	5
ḵaʼbal	5
mup̱u/	5
kucula	5
susususu/	5
p̱el	5
awaliile/	5
ashwaa	5
ajiṯ	5
agoŋgo	5
guḵgameʼd	5
jaʼbajaʼba/	5
kakash	5
ʼduʼth	5
ʼbimpila	5
rep̱a	5
roḵ	5
matita	5
burusha/	5
ramaya	5
saan	5
amot͟htha/	5
gaʼk	5
araʼthorombili/	5
ḵawḵaw	5
p̱inyjan	5
warmaʼci	5
teta	5
maraʼd	5
ʼcilman	5
ʼtinʼdash	5
ḵwany	5
ʼkawur	5
ʼciny	5
dhurus	5
ano	5
piibi/	5
amusmaru	5
gurum	5
kop̱	5
gwaṯi	5
dhundhuŋu/	5
abaṯo/	5
ḵulula	5
ḵor	5
ʼcalgaŋkuṯʼpen	5
aʼkwali/	5
ʼpeŋ	5
dhudhuru/	5
ʼtaki	5
ʼkoshe	5
selela	5
﻿c̱walala﻿	5
dhiŋdhiŋ	5
tin	5
﻿c̱elaŋ	5
ʼthiḵa	5
abem	5
dena/	5
ʼperʼpen	5
mondhereʼd	5
halim	5
wany	5
ṯapura	5
ʼkol	5
nyah	5
ḵaʼc	5
golkinan/	5
aje	5
yun	5
gahara	5
erente	5
adhamun	5
biliʼth	5
wurwur	5
nawal	5
ahomotha	5
ʼbapa	5
adodosh	5
cik	5
dikiʼd	5
muny	5
ḵako/	5
acile/	5
moŋʼku﻿c̱u/	5
c̱enthel	5
ʼbas	5
wuguliʼd	5
kukayu/	5
yunʼthur	5
jeʼdjeʼd	5
ʼbalaʼth	5
nyoŋʼkor	5
ʼthissa/	5
jegera	5
birawariny	5
pampe/	5
jaha/	5
jaṯṯi	5
emʼban	5
ḵulkun	5
isigani	5
ʼkamana	5
waraʼk	5
hetheʼda	5
kwanti/	5
ʼcanyjala/	5
ʼbanyjala/	5
aḵursha/	5
konthol	5
ʼbanuʼd	5
ʼde/	5
bombok	5
waŋʼkoʼd	5
leḵ	5
ʼbeles	5
dhoʼtha	5
ḵwalany	5
nyoka	5
ŋat͟hgin	5
taṯa/	5
dhulp̱e/	5
moho	5
lulake/	5
﻿c̱aw﻿c̱aw	5
deḵ	5
’tu’dki’d	4
’tu’da	4
’timu	4
’tiḵil	4
’thup̱u	4
’thup̱ki	4
’thup̱a’thup̱	4
’thot͟h	4
’theya	4
’thakunu	4
’te	4
’tashu	4
’pisira/	4
’pe’pere/	4
’kwarkin	4
’kuc̱ki	4
’ka’dkina	4
’kany’cesh	4
’kali’th	4
’kala/	4
’kakin	4
’dishkin	4
’dishi’d	4
’dap̱ki’da	4
’dap̱a’dap̱	4
’dap̱an	4
’dan’dap̱	4
’cwam	4
’ci’d	4
’ciŋgwat͟h	4
’ciŋ	4
’cit͟hki’da	4
’ce’de’da	4
’ceŋ	4
’bwaṯal	4
’bushur	4
’borim	4
’bi’thkina	4
’bi’thkin	4
’bi’th/eŋ	4
’batha’d	4
’bala’c	4
ŋari	4
ŋakina	4
yo	4
yi’deya	4
yip̱ki	4
yip̱i	4
yinthoŋ	4
yini	4
yilkinam	4
yilaŋkamu/	4
yethi	4
yerki	4
yeḵkunu	4
yeḵ	4
yeki’d	4
yekina	4
yaŋ’kus	4
yahuudaŋ	4
yaa/irus	4
ya/um	4
ya/in	4
wuḵki	4
wukura/	4
wuka/	4
wolu	4
wolki’d	4
woli	4
wolgwap̱i/	4
washar	4
washan	4
wankunu	4
wankina	4
wambor	4
walkin	4
wac̱u/	4
wac̱kana	4
wac̱a	4
ut͟h	4
ush’ceenne/	4
ughusthus	4
uc̱iŋgwat͟h	4
t͟hu’thki	4
t͟hudhu	4
t͟ha’th	4
t͟hat͟har	4
ṯu’kki’da	4
ṯucu	4
ṯo’k	4
ṯoshki’d	4
ṯoshka/	4
ṯorka	4
ṯocaa/	4
ṯi’d	4
ṯirrishki	4
ṯirrish	4
ṯil	4
ṯikirki	4
ṯikiri	4
ṯakwiin	4
tuḵ	4
torkina	4
tomp̱i	4
tome’d	4
to/eŋ	4
tiḵikus	4
thulki’da	4
thula	4
thop̱am	4
thisa	4
thip̱ki’da	4
thimi	4
thet͟hi/	4
thekina	4
thatha/	4
thamka/	4
tentem	4
temaan	4
taye	4
taruwaas	4
tapa	4
takunu	4
su’kkunu	4
su’kki	4
sukkuut	4
soso	4
si’du	4
siri’ckunu	4
sirica	4
shwaki’d	4
shushan	4
shur	4
shun	4
shumkunu	4
shumki	4
ship̱iṯi/a	4
shinki	4
shinaar	4
shi/u	4
shan’tamo/	4
sha/uul	4
sardis	4
sanduuḵ	4
san	4
samu/iil	4
salmuun	4
sakka	4
sahana	4
saba/iin	4
rumkina	4
rumi	4
roroc̱o/	4
ri’ckina	4
ribi/	4
rap̱	4
raḵu	4
raḵki’da	4
p̱isap̱is	4
p̱iri’th	4
p̱iki’d	4
p̱e’di	4
p̱etha	4
p̱eki’d	4
p̱a’d	4
p̱alasthiin	4
pwat͟hki	4
pwat͟h	4
pu’du/	4
pu’dkina	4
purem	4
pura	4
pucurki’d	4
poḵ	4
pitiya	4
pina	4
nyu/u	4
nyoŋi	4
nyit͟hu/	4
nyaŋki’da	4
nyaŋkina	4
nyaḵkan	4
nyaḵkaa/	4
nyaḵan	4
nos	4
nonu	4
na’bulana’bul	4
nahshuun	4
mu’thkunu	4
murkina	4
mp̱arkina	4
moŋ’kul	4
moŋḵogu	4
mowan	4
moshirri	4
mon’twash/e	4
mon’thinya	4
monyo/o’d	4
mondwall	4
mondoḵ	4
mondhu	4
mom’ba’da’d	4
momoṯ	4
mombwa	4
mombar	4
mo/ohon	4
mmo’te	4
mmo’disha	4
mmo’de’k	4
mmoṯu’c	4
mmoṯela	4
mmothe	4
mmosul	4
mmosam	4
mmop̱uu	4
mmop̱arkina	4
mmoper	4
mmope	4
mmonyit͟hkina	4
mmonyaḵki	4
mmonyaḵa	4
mmomush	4
mmomalasa	4
mmoḵum	4
mmoḵucur	4
mmoḵo/kina	4
mmoḵali	4
mmokana	4
mmohilkina	4
mmohe’k	4
mmogwam	4
mmoga/	4
mmodosha	4
mmodora	4
mmodhalku/	4
mmodee	4
mmodara	4
mmoc̱ika	4
mmobu’thkika/	4
mmobuḵ	4
mmobat͟hkina	4
mmo/ura	4
mmo/um	4
mmo/enkina	4
mmo/ena	4
mmo/en	4
mmo/as	4
mmo/anan	4
mmis	4
mmana	4
misi	4
mishuwa	4
mishkika/	4
mishina	4
miliiṯus	4
miimera	4
meren	4
maṯṯ	4
massa	4
mashi	4
markina	4
manyer	4
manmiimii	4
manmalas	4
man/uḵ	4
malasiya	4
makp̱iilah	4
logom	4
lish	4
liman	4
le’da	4
lamkunu	4
ḵwap̱	4
ḵwany	4
ḵwalu	4
ḵwa/a/	4
ḵu’thkin	4
ḵuyga/	4
ḵuss	4
ḵucurkina	4
ḵoguwa	4
ḵa’bkina	4
ḵaŋkam	4
ḵarambor	4
ḵalka	4
ḵalina	4
kwanyi	4
kushakush	4
kumana	4
kuluusi	4
kulumu	4
kulu/	4
koyakuub	4
kon	4
koki	4
ka’d	4
karkunuwa	4
karkika/	4
kap̱any	4
kap̱a	4
kaldaan	4
kaḵ	4
kaadish	4
jwaha/	4
joc̱kin	4
jiya	4
jis/eŋ	4
jeshuwa	4
jep̱	4
ja’dam	4
jat͟hsemaani	4
jam	4
i’thi	4
i’kokin	4
i’dim	4
i’bam	4
iyula	4
iyuḵ	4
iya/i	4
ita’dam	4
iski’d	4
iskandariyya	4
isin	4
isi/	4
ishunsan	4
ishki’da	4
ipedoŋon	4
innii	4
imudhiir	4
imiina	4
imar	4
iman’kosh	4
imanyol	4
imanthutha	4
imanshu	4
imanluŋ	4
imanḵal	4
imanha	4
imandhaŋ	4
imancesh	4
ikwany	4
ikan	4
iinyc̱a/	4
iilaam	4
idina	4
idhu	4
idhan	4
idhali	4
icil	4
ibu’th	4
ibuŋ’kus	4
ibarnaaba	4
hi’thki’da	4
hirodusiyiin	4
he’kki’da	4
he’kki	4
ha’k	4
hawwa	4
hawiila	4
haw	4
hanu	4
hanki	4
halleluya	4
gwoyi’d	4
gwolu/	4
gwoka/	4
gwocor	4
gwayi	4
gwaṯam	4
gwasiŋ	4
gwanyjaḵam	4
gwami	4
guya	4
gure/	4
gummp̱a/	4
gumem	4
guki	4
goŋgorom	4
gomatinta	4
gayus	4
gantha/	4
gamkunuwa	4
galama	4
gabusha/	4
ga/ki	4
dup̱a	4
duḵkunuwa	4
doṯki’da	4
doshki	4
doḵ/eya	4
do	4
diṯa/	4
dishun	4
dip̱any	4
dimiṯriyuus	4
dilki	4
dikika/	4
dhuruma/	4
dhurany	4
dhuka/	4
dho’thka	4
dholgon	4
dhiriny	4
dhir	4
dhii/in	4
dhii/	4
dheru	4
dherkunu	4
dhaŋki	4
dhantho/	4
dhalla/	4
darha’dam	4
darba	4
c̱wanykina	4
c̱u’thki	4
c̱ur	4
c̱ulma’th	4
c̱ora	4
c̱iŋa/	4
c̱iyunu	4
c̱iyu/	4
c̱ithirac̱ithir	4
c̱isa	4
c̱e	4
c̱arabiim	4
c̱aca	4
cuu’d	4
cuuwa	4
cuna	4
cuc̱	4
ciḵkika/	4
ciḵka/	4
cenu	4
cani	4
bwanycwa	4
bwanyaran	4
bwaaḵur	4
bwaaki’da	4
bu’thka/	4
buṯki’d	4
burṯa/	4
burbur	4
buniya	4
buḵki	4
budhuwa	4
boṯki	4
borkunu	4
boc̱o’d	4
boc̱	4
biṯu	4
biṯi’doo	4
biriyya	4
bidhi/	4
be’d	4
ba’k	4
bat͟hu	4
barṯulamaawus	4
barniiki	4
bara	4
banaŋ	4
bagi	4
baga	4
a’ka	4
a’diyim	4
ayi’c	4
ayini	4
ayin	4
awayyi	4
at͟hka	4
at͟ha/at͟h	4
atharabeesa	4
ata’da	4
askara	4
arraama	4
aristarḵus	4
arba	4
ap̱p̱a/	4
apoome/	4
apije/	4
anura/	4
amurem	4
amanmiiya	4
amandhu	4
amaliik	4
ali/aasar	4
alamba/	4
akat͟him	4
agwaṯa/	4
aggi	4
adulaṯṯ	4
adhoŋgola	4
abaraabas	4
a/’kona	4
a/wathiŋ	4
a/uni	4
a/ana	4
’twaḵa	3
’tu’du	3
’tuntulki	3
’tuḵ	3
’tim	3
’thot͟hu/	3
’thos	3
’thoḵki	3
’thoḵa	3
’thokin	3
’thina	3
’thiki	3
’theya’the	3
’theru	3
’thera	3
’thena’then	3
’thena	3
’theḵkunu	3
’theḵi	3
’thaki	3
’ta’dama’ta’dam	3
’tashuwa	3
’pe’dki	3
’peny	3
’pempa	3
’pemena	3
’kwarka/	3
’kwariny	3
’kwa	3
’kosho’d	3
’ka’du	3
’kawur	3
’kamu’thki’d	3
’kamu’th	3
’doyunu	3
’doyi’da	3
’donu	3
’dishki’da	3
’dip̱ira/	3
’dimi	3
’dem	3
’deku	3
’dap̱uwa	3
’dap̱kunuwa	3
’daḵ	3
’cwamkina	3
’cuḵu	3
’coḵgam	3
’ciya	3
’cit͟hu	3
’cit͟hkin	3
’ce’duwa	3
’ce’dkunuwa	3
’ce’dki’da	3
’ce’dka/	3
’ce’dka	3
’ce’di	3
’cajala/	3
’bwaṯala	3
’bwanu’b	3
’bwahan	3
’bushura/	3
’bi’thki	3
’baki	3
’baari	3
ŋalbothoŋ	3
yu’d	3
yuḵki’d	3
yubab	3
yos	3
yolu/	3
yip̱u	3
yiḵinkunu	3
yetha	3
yesa	3
yes	3
yerkina	3
yenuwa	3
yenu	3
yekin	3
yeki	3
ya’th	3
yalaam	3
yakuubi	3
yahuudan	3
yagthaan	3
yadut͟huun	3
ya/uma	3
wu’da	3
wuuy	3
wuṯul	3
wuski	3
wup̱ki’da	3
wup̱a	3
wunuwa	3
wuma	3
wo’ckunu	3
wot͟hki’da	3
woshi	3
wor	3
wolkunu	3
wolki’da	3
woja	3
wa’th	3
waŋgala	3
warkam	3
wanya/	3
wagaskunu	3
wagaskina	3
wagaskin	3
wagas	3
uus	3
uun	3
ushkin	3
usa	3
urkin	3
urbumiyya	3
up	3
unisiimus	3
uluc̱kin	3
uḵuwa	3
uḵi	3
ubiid	3
t͟hu’thkina	3
t͟hu’thka/	3
t͟huthi	3
t͟hawup̱iilus	3
ṯu’kkunu	3
ṯurup̱iimus	3
ṯuku	3
ṯuci	3
ṯu/ulki	3
ṯu/uli	3
ṯo’d	3
ṯojuwa	3
ṯoco’d	3
ṯocon	3
ṯirrishkina	3
ṯes	3
ṯer	3
ṯeki	3
ṯawusaṯawus	3
ṯagkina	3
turaŋ	3
tulkunu	3
tu	3
towa	3
tonṯeŋ	3
timnah	3
tima	3
tiḵki	3
thutha	3
thumu	3
thumki’da	3
thulu’d	3
thulkunu	3
thulki’di	3
thudhu	3
thot͟hki	3
thoḵu	3
thisuwa	3
thiskina	3
thimkin	3
thima	3
the/m	3
tharabeesam	3
thamkina	3
tham	3
thalkina	3
thabiit͟ha	3
thabariyya	3
ter	3
tawasha	3
tashkunu	3
tarshiish	3
tar	3
tap̱an	3
tanki	3
taḵuwa	3
taḵkunu	3
taḵkina	3
su’kki’d	3
suwa	3
suuhar	3
sura	3
sula	3
soyi	3
sorkina	3
solol	3
si’du/	3
siyi	3
siṯṯiin	3
siri’ckina	3
simma	3
simirna	3
silwaanus	3
siluwaam	3
sillah	3
siki’da	3
sidun	3
siddiim	3
shunu	3
shuna	3
shubal	3
shoru/	3
shorki	3
shor	3
shirki	3
shinuwa	3
shinkunu	3
shilki	3
shi/kin	3
shi/ir	3
shi/iny	3
shi/ini	3
shawuula	3
shaṯ	3
sharkin	3
sha/alṯi/iil	3
seyu/	3
senu	3
sekin	3
sarubbaabil	3
samiriyiin	3
sabuyiim	3
rut͟hun	3
rumuwa	3
rumki	3
ruḵ	3
rukunyki	3
rukun	3
ro’dki	3
rot͟ham	3
roc̱u	3
roc̱kin	3
roc̱ki	3
roc̱i	3
ri’d	3
risha	3
rep̱idiim	3
raṯul	3
rasu/	3
raskin	3
rashki	3
rahab	3
rac̱pa/	3
p̱u’dkika/	3
p̱u’dki	3
p̱u’da	3
p̱uthip̱aara/	3
p̱isi’d	3
p̱inyconi	3
p̱iladalp̱iya	3
p̱ikunu	3
p̱ikul	3
p̱ikin	3
p̱ikika/	3
p̱e’thkin	3
p̱ena	3
p̱a’dki	3
p̱arkunu	3
p̱arkika/	3
p̱arijiyya	3
p̱anu/iil	3
p̱alim	3
pwaḵkina	3
punthi	3
poshki’da	3
po/i	3
piyunu	3
piyu	3
pitim	3
pisidiyya	3
pish	3
pirki	3
piri	3
pinya/	3
pinin	3
pikunu	3
pesun	3
perkin	3
pekina	3
peki	3
pa’dga/	3
pash	3
parja	3
oya	3
onuwa	3
ohon	3
nyoŋki	3
nyoŋa	3
nyogga/	3
nyo/kunu	3
nyo/ki’da	3
nyit͟hka/	3
nyit͟hi/	3
nyert͟ha/	3
nyaŋ’ko’di	3
nyaŋ’ko’da	3
nyaḵkin	3
nyaḵki/	3
nyaḵkana	3
nusa	3
nonkina	3
naskin	3
nana/	3
nagkani	3
nagkana	3
nabayuut	3
mu’thki’da	3
mu’thkina	3
muṯṯ	3
musmaar	3
muru	3
murkini	3
moŋ’kup̱ajem	3
moŋ’kup̱a	3
moŋ	3
mowuwa	3
mori’c	3
moonnii	3
mon’thot͟h	3
mon’thinyi	3
monyit͟ha/	3
montor	3
monthalkin	3
mondiki/en	3
mondher	3
mondhelel	3
mondhel	3
mondaḵ	3
mom’peŋḵaskum	3
mom’boro’d	3
mom’bithi	3
mom’bala’th	3
momp̱e’th	3
mompinuŋ	3
momisa	3
momiin	3
mohil	3
mo/iim	3
mmo’twaḵ	3
mmo’tima	3
mmo’thi	3
mmo’theḵ	3
mmo’tha	3
mmo’tash	3
mmo’koshkina	3
mmo’cuḵa	3
mmo’ba’th	3
mmo’baara	3
mmoyip̱	3
mmowarkin	3
mmoṯuka	3
mmoṯorkina	3
mmoṯora/	3
mmoṯi’k	3
mmoṯeya	3
mmotula	3
mmotima	3
mmothosonkunu	3
mmotan	3
mmotaka/	3
mmotagi	3
mmosu’k	3
mmosuskina	3
mmosusi	3
mmosiri’c	3
mmosheshela	3
mmorogom	3
mmoroc̱	3
mmop̱u’dku/	3
mmopur	3
mmopir	3
mmopikina	3
mmopi	3
mmopar	3
mmominu	3
mmomiikunu	3
mmomiikina	3
mmolos	3
mmoḵwa/a	3
mmoḵana	3
mmokwany	3
mmokush	3
mmokum	3
mmojiya	3
mmohe’th	3
mmohetha	3
mmoheka	3
mmohashki	3
mmohasha	3
mmogac̱a	3
mmodoshi	3
mmodoḵu/	3
mmodoḵa	3
mmodi’b	3
mmodir	3
mmodiḵ	3
mmodikina	3
mmodhalka	3
mmoda/ar	3
mmocuc̱	3
mmociḵkina	3
mmocakina	3
mmobwaa	3
mmobuṯa	3
mmobiṯa	3
mmo/owa	3
mmo/oka/	3
mmo/ishi	3
mmo/iina	3
mmo/asa	3
minyciru	3
miinthusi	3
miilaṯ	3
miikunuwa	3
merki’da	3
mbwaŋ	3
mba/	3
maŋkina	3
maŋgala	3
mashu	3
mashki’d	3
masha	3
masamiir	3
markin	3
mariiba	3
maraari	3
man’kwar	3
mantor	3
manshu	3
manḵucur	3
manhila	3
mandhaŋ	3
manc̱ora	3
manakan	3
maliim	3
malgin	3
malaski’da	3
maḵi	3
mahana	3
mac̱a/	3
maaŋ	3
maam	3
luŋum	3
luŋkina	3
luus	3
luthan	3
lugkin	3
ludda	3
luc̱	3
lu/kina	3
losa	3
lolop̱ki	3
logomki	3
liṯgan	3
liṯ	3
lisiyaas	3
lip̱a/	3
lidiyya	3
laṯ	3
lalu	3
ḵwalki	3
ḵwa/kina	3
ḵu’thki	3
ḵuurah	3
ḵucurki’da	3
ḵubbaayam	3
ḵrist͟hiyan	3
ḵoca	3
ḵo/a	3
ḵa’da	3
ḵa’cki	3
ḵa’bki	3
ḵaŋkama	3
ḵara’b	3
ḵanu	3
ḵanka/	3
ḵam	3
ḵako/	3
kwanyki’da	3
kwanyki’d	3
kwani	3
kwa	3
kuuyu/	3
kunn	3
kuna	3
kumkina	3
kumi	3
kuludiyuus	3
koyi	3
kowa	3
kot͟hki	3
kot͟h	3
kora	3
kolkunu	3
kayaa/	3
katili/	3
karuwa	3
karkin	3
kara’da	3
kap̱ki	3
kap̱i	3
kantan	3
kankina	3
kamun	3
kaki’da	3
kaka/	3
jwakaṯkunu	3
joc̱u/	3
joc̱kunu	3
jirshuun	3
jirshuum	3
jinu	3
jiki’da	3
jikina	3
jidhir	3
ji/a	3
jemki	3
jatt	3
jandim	3
jandi/	3
jamasa	3
i’twa/	3
i’tu’dkina	3
i’kwarkunu	3
i’ko’da	3
i’kon	3
i’ko	3
i’dish	3
i’cit͟hkunuwa	3
i’cit͟ha/	3
i’ce’dkunu	3
i’bwah	3
i’bwa/i	3
i’bora	3
iyuḵu	3
iyayu/	3
iyana	3
iwu’d	3
iṯelki	3
ita’d	3
ishi’d	3
is/haḵ	3
irmiya	3
ip̱u’dki’d	3
ip̱u’dkin	3
imanyer	3
imant͟hu’th	3
imanmer	3
imangora	3
imandhuwa	3
imanbu’th	3
iman/ii	3
iliim	3
iḵan	3
ikarkunu	3
ikap̱	3
iisar	3
iiluun	3
igarr	3
igamkina	3
igama	3
idwall	3
idoṯkina	3
idoṯ	3
idi’d	3
idiki	3
idhukina	3
idawuu’d	3
idaḵa/	3
icila	3
ibwaŋ’kwariny	3
ibu’thki	3
ibuulus	3
ibrahiima	3
ibiṯu/	3
ibas	3
i/usha	3
i/uḵkina	3
i/on	3
i/iikina	3
i/eḵa/	3
i/at͟h	3
i/ana	3
ho	3
hiwwi	3
hilki’d	3
hilkin	3
he’thki’da	3
he’thkina	3
he’kkunu	3
heka	3
hegu	3
ha’bkunu	3
hashu/	3
harmuun	3
hannaan	3
halki	3
hali	3
gwono’dki	3
gwokunu	3
gwoki	3
gwa’c	3
gwat͟hi	3
gwat͟han	3
gwasa	3
gwanyjwahaŋ	3
gwamkunuwa	3
gwamki’da	3
guyina	3
guski	3
gusa	3
gup̱p̱a	3
gulu’c	3
gulgut͟ha	3
gulam	3
guki’da	3
gora	3
garki	3
garayi	3
gap	3
ganne/	3
ganayi	3
gananki	3
ganan	3
ganaas	3
galgin	3
galany	3
gac̱kina	3
gac̱ki	3
ga/i	3
eny	3
ene’da	3
eḵki	3
dwar	3
du’dun	3
dup̱uwa	3
dup̱	3
dumpulki	3
duḵuwa	3
duhal	3
dugu’b	3
doṯka/	3
doḵkunu	3
di’bki	3
dishan	3
dirki	3
dini	3
dimas	3
diluwa	3
dilina	3
dihar	3
dhwa/a’dki’d	3
dhukika/	3
dhuka	3
dhotho’d	3
dhothi	3
dhinya/	3
dherkina	3
dhera	3
dhegem	3
dhaŋa	3
dhalkunuwa	3
deŋkina	3
den	3
deḵki’da	3
deḵkin	3
deḵap̱olis	3
dekin	3
deenu	3
deekin	3
dee	3
darha’da/	3
daḵki’da	3
dadaan	3
da/ari	3
c̱u’thkunu	3
c̱u’th	3
c̱uthi	3
c̱utha	3
c̱o’do/	3
c̱ora/	3
c̱i’thkunu	3
c̱i’thkina	3
c̱i’da	3
c̱iŋitha	3
c̱ithu/	3
c̱im	3
c̱idhuwa	3
c̱eny	3
c̱ee	3
c̱an	3
cwahan	3
cuyu	3
cumaṯi	3
cumaṯa	3
cuḵ	3
cukin	3
cilkina	3
cic̱i	3
ceshkina	3
ceshi	3
caŋ	3
campura	3
bwaagap̱	3
buŋ’kusi	3
bunycan	3
bumburkin	3
buḵa	3
bu/as	3
boṯu	3
boṯkina	3
borkina	3
borki	3
bolo’da	3
boloc̱	3
bolki	3
boli’da	3
boc̱kini	3
boc̱a	3
birlahayru/i	3
bip̱a	3
bese/	3
bem	3
beeṯp̱aji	3
bee	3
ba’d	3
bargaamus	3
bami	3
balapip̱	3
balaam	3
bahi	3
baghuus	3
a’thot͟hum	3
a’thom	3
a’thi/	3
a’de/	3
a’ciŋ	3
aŋkarki	3
ayish	3
ayina	3
ayima	3
awusham	3
atiŋkiliŋ	3
asu	3
asor	3
asnaat	3
asimam	3
ashima	3
aseṯaan	3
ariyuus	3
arba/iin	3
arasiŋ	3
araḵa	3
ap̱o/a	3
apil	3
amur’kup̱	3
amugum	3
amugu	3
aminadaab	3
ama’dinya	3
aman’kosh	3
aman’cuḵ	3
aman’coḵ	3
amanya	3
amanmol	3
amanḵal	3
amankaru	3
amanhila	3
alukaas	3
aluc̱	3
ala	3
aḵa’bany	3
aḵashira/	3
aḵaniisa	3
akamu/	3
akama	3
aji	3
agume/	3
agaŋgaram	3
aduŋ	3
adun	3
adullaam	3
admah	3
adho’th	3
ac̱or	3
ac̱a/	3
abiyya	3
abirman	3
abba	3
abap̱rudiṯus	3
abap̱raas	3
aane/	3
aadah	3
a/gwo	3
a/arabiya	3
a/ababam	3
’twaa	2
’tu’du’d	2
’tu’dkin	2
’tuntulkunu	2
’tuntulka/	2
’to’d	2
’timuwa	2
’timkina	2
’tima	2
’tiḵila/	2
’tikil	2
’thurka/	2
’thup̱in	2
’thup̱ga/	2
’tho’d	2
’thot͟hum	2
’thot͟ha	2
’thosu	2
’thor	2
’thoḵi	2
’thoḵ	2
’thintha/	2
’thin	2
’thimem	2
’thil	2
’thiḵil	2
’thiḵga/	2
’thiḵ	2
’the’b	2
’thenu	2
’then	2
’theḵu	2
’theḵkina	2
’tha’da/	2
’teyi	2
’tese/	2
’te/sana	2
’pinyamat͟h	2
’pe’dkina	2
’peshe/	2
’peri	2
’pera’per	2
’pac̱a’d	2
’kwaṯan	2
’kwaniŋgwat͟h	2
’kwaniny’cesha	2
’ku’kus	2
’kusan	2
’kup̱ka	2
’kunyu	2
’kuc̱	2
’ku	2
’koŋ	2
’koyina	2
’kosho’da	2
’koshkunuwa	2
’koshka/	2
’kolkunu	2
’koku/	2
’koka/	2
’koho/	2
’ko/i	2
’ka’da’d	2
’ka’da/	2
’kawurkin	2
’kar	2
’kamu	2
’kamkunu	2
’kamki’da	2
’kall	2
’duntula/	2
’dunn	2
’doro/	2
’dona	2
’doḵo/	2
’diŋkilam	2
’dimuwa	2
’dima	2
’dihe/	2
’de’kkika/	2
’de’kka/	2
’de	2
’da’b	2
’daŋkala	2
’daŋ	2
’dap̱kin	2
’cwarkunu	2
’cwap̱	2
’cur	2
’cuḵki’da	2
’ci’th	2
’cit͟huŋ	2
’ce’de/	2
’ceya	2
’cemena	2
’cee	2
’calalga/	2
’bwaṯala’bwaṯal	2
’boroni	2
’borki’d	2
’bi’thkunuwa	2
’bi’thkunu	2
’bi’thki’d	2
’bi’thgam	2
’bithu	2
’bith/e	2
’birki	2
’be’b	2
’ba’thkina	2
’bathi	2
’bambala	2
’bal	2
’bag	2
’ba/i	2
ŋ’ko’da	2
ŋur	2
ŋara’d	2
ŋap̱a’d	2
ŋap̱an	2
ŋam	2
ŋaari/	2
ŋa/u	2
yuwar	2
yuwanna	2
yuusup̱i	2
yuusup	2
yut͟ham	2
yuthurki’d	2
yusṯus	2
yusi	2
yushiyya	2
yuram	2
yup̱en	2
yulu’d	2
yulki’d	2
yuliyuus	2
yuḵka/	2
yuḵga/	2
yoru	2
yorom	2
yor	2
yolol	2
yolka/	2
yoḵkam	2
yi’deny	2
yisi	2
yish	2
yinyjwa	2
yinthowa	2
yilan	2
yidhit͟h	2
ye’thkina	2
ye’c	2
yereski’d	2
yeresa/	2
yeḵki’d	2
yedha	2
yayin	2
yawan	2
yashuu/	2
yanyc̱a/	2
yansana	2
yamu/iil	2
yakunya	2
yahushap̱aath	2
yagshaan	2
ya/uush	2
wusham	2
wusha	2
wurup̱	2
wup̱i	2
wup̱	2
wuluski	2
wukurki’d	2
wuki	2
wudhu	2
wot͟huwa	2
woluwa	2
wolu/	2
wolkunuwa	2
woca	2
wa’da	2
wayi	2
wathimpaŋ	2
waski	2
wasanyjap̱e/	2
warku/	2
warki’da	2
waraŋgwaḵ	2
waran	2
wanykin	2
walmish	2
walkunuwa	2
wakataye	2
wakani	2
wac̱ki’d	2
wac̱a/	2
waambuhanya	2
uuj	2
ussiyya	2
usi/iil	2
usi	2
ushkunuwa	2
ushina	2
urushaliimi	2
up̱kunu	2
up̱ki	2
up̱ir	2
unisip̱urus	2
umki	2
uluc̱	2
uḵka/	2
uc̱in	2
t͟hunyki	2
t͟hunya	2
t͟huny	2
t͟hi’th	2
t͟ha’thkina	2
t͟haman	2
ṯu’ckunu	2
ṯu’bki	2
ṯushun	2
ṯumu’c	2
ṯu/ulkina	2
ṯu/u	2
ṯo’du	2
ṯo’dki	2
ṯo’da	2
ṯo’ckina	2
ṯoruwa	2
ṯorosh	2
ṯi’di	2
ṯiŋkilam	2
ṯinya/	2
ṯikirkina	2
ṯikirkika/	2
ṯikira	2
ṯi/	2
ṯe’dki	2
ṯe’d	2
ṯesu	2
ṯeskunu	2
ṯen	2
ṯelka/	2
ṯekunu	2
ṯa’kki’da	2
ṯa’kkini	2
ṯa’c	2
ṯap̱	2
ṯan	2
ṯamaniin	2
ṯalu	2
ṯalaṯiin	2
ṯalaaṯa	2
ṯaddaawus	2
ṯacum	2
tuntum	2
tulu/	2
tuḵkina	2
tubalkayiin	2
to’bo/	2
toŋkor	2
tomp̱inyconi	2
tiyaa	2
timnaa/	2
tid/aal	2
thu’thkina	2
thusa	2
thunya/	2
thumkunu	2
thumkina	2
thumkika/	2
thuma	2
thulunyi	2
thulunya	2
thulany	2
thuḵki	2
thudhuwa	2
thosonki’da	2
thit͟hin	2
thip̱kunu	2
thip̱i	2
thimu	2
thimki’da	2
thimin	2
theyi	2
theke’thki’da	2
theke’thki	2
thap̱athap̱	2
thami	2
teruwa	2
tayi’da	2
tayaa/	2
talatiin	2
taga	2
suu/an	2
sun	2
suki	2
suguwa	2
sugu/	2
sugkin	2
so’k	2
soru	2
sorkunu	2
sokina	2
siṯṯa	2
sirṯis	2
sirijuwa	2
sip̱ti	2
simaana	2
siin	2
siihuun	2
si/	2
shwane’dan	2
shwaa	2
shu’da	2
shu’bu/	2
shu’bka/	2
shuwa	2
shuu/	2
shurkin	2
shunki	2
shukina	2
shoŋ	2
shori	2
shi’du/	2
shi’dkunu	2
shi’bil	2
shiŋ	2
shimpira/	2
shim/i	2
shile/	2
shil	2
shi/kika/	2
shi/irrkin	2
shi/irin	2
sheny	2
shaw	2
shammah	2
set͟h	2
sena	2
sen	2
seku/	2
seku	2
sekini	2
sap̱wa	2
sap̱uura	2
sap̱p̱iira	2
sana	2
samlah	2
saluuma	2
sakaawa	2
sabaktani	2
saaduug	2
saa	2
rwa’ckunu	2
ruṯ	2
rusu	2
rup̱us	2
rogomi	2
rici’da	2
ri/a	2
re’dkunu	2
reŋ	2
raski’d	2
rasim	2
rashi	2
rasha	2
rasa	2
ras	2
rap̱a	2
raḵkin	2
rakin	2
rahubut	2
rahabaam	2
raamah	2
p̱wanu/	2
p̱u’da/	2
p̱uyii	2
p̱uuki’d	2
p̱uuki	2
p̱uthip̱ar	2
p̱urun	2
p̱u/ki’d	2
p̱u/ki	2
p̱o’dap̱o’d	2
p̱o’da	2
p̱o’d	2
p̱o/a	2
p̱iyi’di	2
p̱isin	2
p̱ishinkina	2
p̱iriny	2
p̱irawni	2
p̱irawna	2
p̱inykin	2
p̱inikiyya	2
p̱iniikiya	2
p̱ilisṯiyiin	2
p̱ika/	2
p̱e’thki’d	2
p̱e’thki	2
p̱e’dkunu	2
p̱esh	2
p̱aru	2
p̱allu	2
p̱a/u	2
pwat͟hkunu	2
pwaḵu	2
pu’dkin	2
puya/	2
puri	2
purapur	2
punṯus	2
pucur	2
piyina	2
piya	2
pitili	2
pishu	2
pishi	2
pisha	2
pir	2
piniya	2
pim	2
pil	2
pepera	2
peper	2
pekunu	2
parkin	2
paran	2
pap̱uus	2
paarana	2
o’di	2
onki	2
oḵonkin	2
ohonkina	2
ohonkika/	2
n’twa/	2
nyu’thga/	2
nyu’th	2
nyuthanyu’th	2
nyutha	2
nyunycinam	2
nyuny	2
nyori	2
nyoḵi	2
nyoḵa	2
nyo/uwa	2
nyo/kina	2
nyit͟hu	2
nyit͟ha/	2
nyert͟ham	2
nyc̱a/	2
nyaranyc̱iŋkinam	2
nyaḵu/	2
nyaḵka/	2
nus	2
nugulawiyiin	2
nta’da	2
nnon	2
nimruud	2
nimira	2
na’bulka/	2
nahat͟h	2
m’baar	2
muthi	2
mutha	2
mushki	2
mus	2
muruni	2
murrah	2
murka/	2
muratha	2
mu/u	2
mu/	2
moŋ’kwar	2
moŋ’kosha	2
moŋḵuthu’d	2
moŋkusha	2
moŋkom	2
moŋko	2
moŋkar	2
moyol	2
mowosh	2
mowal	2
moshu’d	2
morbip̱i	2
mon’twaḵ	2
mon’thup̱	2
mon’dim	2
mony’cee	2
monyjeem	2
monyjarom	2
monyaŋ	2
monṯo’k	2
montur	2
montim	2
monthum	2
mondosh	2
mondil	2
mondhurum	2
mondeeya	2
mom’borga/	2
mom’bora	2
momp̱u’d	2
mompinum	2
mompim	2
mompar	2
mompala	2
momoṯkina	2
momiiwaḵ	2
mombu’th	2
mombol	2
mombiṯ	2
mombag	2
momash	2
molo’d	2
molku/	2
molka/	2
moha’th’ko’d	2
modosh	2
mo/um	2
mo/o	2
mo/is	2
mo/ena	2
mmo’twaḵkina	2
mmo’tu’du/	2
mmo’tula	2
mmo’thowa	2
mmo’thoḵa	2
mmo’thoḵ	2
mmo’kuṯa	2
mmo’kuc̱a	2
mmo’kowa	2
mmo’kon	2
mmo’doyu/	2
mmo’de’kkina	2
mmo’cunycur	2
mmo’cuḵkunu	2
mmo’cuḵki	2
mmo’cit͟ha	2
mmo’ce’dkina	2
mmo’cece’b	2
mmo’batha	2
mmoyoli	2
mmoyiḵin	2
mmoyeḵa	2
mmoyap̱	2
mmowuwa	2
mmowuḵkina	2
mmowaṯ	2
mmowarkina	2
mmowara	2
mmowagas	2
mmowac̱a/	2
mmot͟ha’th	2
mmoṯu/ulkina	2
mmoṯo’da	2
mmoṯoshkina	2
mmoṯoca	2
mmoṯirrish	2
mmoṯelkina	2
mmoṯal	2
mmoṯa/	2
mmotimkina	2
mmothum	2
mmothot͟hkina	2
mmothot͟h	2
mmothosonkina	2
mmothona	2
mmothoḵ	2
mmothip̱	2
mmothet͟h	2
mmotheke’th	2
mmotham	2
mmotash	2
mmotaḵa	2
mmosusu	2
mmosuka	2
mmosoyu/	2
mmosi’d	2
mmosimmka/	2
mmosi	2
mmoshwayi	2
mmoshuwa	2
mmoshowa	2
mmoshir	2
mmoshi/irrkunu	2
mmoshi/a	2
mmoseku/	2
mmorusa/	2
mmoroc̱a	2
mmori’c	2
mmori/a	2
mmop̱iya	2
mmop̱e’th	2
mmop̱eya	2
mmop̱e	2
mmop̱al	2
mmoposh	2
mmopena	2
mmonyaŋu	2
mmononkina	2
mmomolkina	2
mmomiimii	2
mmomera	2
mmomarkina	2
mmomara	2
mmolama	2
mmolal	2
mmoḵu’th	2
mmoḵo’c	2
mmoḵa’dkina	2
mmoḵankina	2
mmoḵam	2
mmoḵa/a	2
mmokuṯa/	2
mmokusha	2
mmokup̱	2
mmokash	2
mmokaru	2
mmokarka/	2
mmojoc̱	2
mmojidhir	2
mmojee	2
mmohur	2
mmohithi	2
mmohem	2
mmoha’b	2
mmohankina	2
mmohan	2
mmogoŋ	2
mmogas	2
mmodoṯkina	2
mmodoṯa/	2
mmodoṯa	2
mmodoḵ/e	2
mmodi’ba	2
mmodiṯ	2
mmodhukunu	2
mmodhukina	2
mmodho’thkina	2
mmodhodha	2
mmodher	2
mmodhelelkina	2
mmodhalki	2
mmodeŋa	2
mmoc̱a’bkina	2
mmoce	2
mmoca	2
mmobu’thka/	2
mmobuṯ	2
mmobur	2
mmoboloc̱a	2
mmobira	2
mmobir	2
mmobaŋgal	2
mmobar	2
mmobag	2
mmo/ut͟h	2
mmo/usha	2
mmo/us	2
mmo/up̱	2
mmo/uḵa	2
mmo/ishkina	2
mmo/is	2
mmo/iiku/	2
mmo/eḵ	2
mmo/at͟ha	2
mmo/at͟h	2
mminu	2
mmii	2
miya	2
missa	2
misiyya	2
mishayi	2
miriyam	2
miḵa/iil	2
miiŋḵar/em	2
miiyu/	2
me’dyan	2
melki	2
mbum	2
maŋki’da	2
maŋki	2
mat͟hamat͟h	2
maṯṯiyaas	2
maṯṯan	2
matusha/iil	2
matt͟haat	2
mattaat͟hiya	2
masira	2
mashkina	2
mashki	2
mashira/	2
mashan	2
maruwa	2
mariyama	2
marem	2
mare/	2
man’tho	2
man’cuḵ	2
mant͟hu’th	2
mansi	2
manmisha	2
manlogom	2
manḵal	2
mankar	2
manhe’k	2
manha	2
mandup̱any	2
mandil	2
mandeŋ	2
manciḵa	2
mancesh	2
maliitha	2
malasi	2
maḵp̱iilah	2
maḵa	2
majuuj	2
mahuya/iil	2
maaŋḵuthu’da	2
maashik	2
luŋuŋ	2
luŋki’da	2
luŋkini	2
lup̱e/	2
luḵiyus	2
lugum	2
lu/a	2
loskunu	2
loski’da	2
logomkina	2
liw	2
liṯgany	2
listra	2
lika/uniyya	2
lijaam	2
ligi/	2
le’di	2
layu/	2
lanthinem	2
lamu	2
lamp̱u/	2
lama	2
laluwa	2
lalkunu	2
lalkina	2
lalki	2
lal	2
laḵki	2
laḵ	2
laabaana	2
la/a’d	2
ḵwo’c	2
ḵwa’th	2
ḵwasharr	2
ḵwashar	2
ḵwarma’c	2
ḵwa/um	2
ḵwa/ki’da	2
ḵuskun	2
ḵun’tusha	2
ḵumu/	2
ḵumsumiyya	2
ḵumman	2
ḵummam	2
ḵukuskunu	2
ḵukusa	2
ḵukum	2
ḵucuriya	2
ḵubbaayan	2
ḵrist͟hosa	2
ḵora	2
ḵogu/	2
ḵoci	2
ḵo/kunu	2
ḵo/ka/	2
ḵa’du/	2
ḵa’dki’d	2
ḵa’ckunu	2
ḵa’ba	2
ḵayaap̱a	2
ḵaniisan	2
ḵamkunu	2
ḵalunu	2
ḵalkin	2
ḵalkika/	2
ḵalka/	2
ḵala’da	2
ḵalaa/	2
ḵa/ga/	2
kwanykin	2
kwaniŋ	2
kuṯakuṯ	2
kurasiin	2
kup̱u/	2
kup̱kunu	2
kup̱a	2
kumki’da	2
kume/	2
kulumki’da	2
kulp̱em	2
kuki	2
kot͟hkunu	2
kot͟hkina	2
korro/	2
korom	2
korga/	2
kop̱kunu	2
kontor	2
komki	2
kolu	2
kirispus	2
kaŋ	2
katintaye	2
karka	2
karis	2
kap̱kunu	2
kap̱kin	2
kape/	2
kanycal	2
kantaan	2
kanḵariya	2
kanki’da	2
kanki	2
kana’d	2
kanaa/	2
kamum	2
kama	2
kakunu	2
kakika/	2
kakasjana	2
kahaat	2
kaalah	2
jwakaṯki’da	2
jwakaṯki’d	2
jwakaṯki	2
ju’k	2
juyim	2
jumar	2
jorom	2
joḵ	2
joc̱ki’d	2
ji’da	2
jiṯi/	2
jithirki’d	2
jithirkina	2
jisan	2
jisalaan	2
jirjaash	2
jir	2
jip̱in	2
jinuwa	2
jineeh	2
jindhiiri	2
jibra/iil	2
jeŋ	2
jet͟hkum	2
jeṯṯ	2
jeshem	2
jeshe/	2
jep̱kunu	2
jemi	2
jeenuwa	2
jeeki	2
ja’daŋ	2
jaye	2
jarowa	2
jar	2
jap̱p̱a/	2
janta	2
jaluun	2
jaliili	2
jaliila	2
jala/	2
jal/iid	2
jal	2
ja/t͟haam	2
i’thup̱	2
i’kwarkina	2
i’kwar	2
i’kup̱a	2
i’kosha	2
i’koni	2
i’koki	2
i’ka’da	2
i’dishki	2
i’de’kki	2
i’cit͟hka/	2
i’cit͟h	2
i’bwahan	2
i’boro’d	2
i’bi’thkina	2
i’bitha	2
i’bame’d	2
iŋap̱kina	2
iŋap̱a	2
iŋana	2
iyuḵkina	2
iyuḵayuḵ	2
iyi’de/	2
iya/in	2
iwu	2
iwaḵkunu	2
iwaki	2
iṯorki	2
itul	2
itor	2
ithaliyaan	2
itap̱aŋ	2
itani	2
itaka/	2
itaga	2
is’ko’d	2
isuskunu	2
ispaaniya	2
iskina	2
isi’da/	2
isi’d	2
ishka/	2
ishilki	2
ishi/	2
ishan’tamo/	2
iris	2
irad	2
ip̱iki	2
ip̱i	2
ipam	2
inyaŋkunu	2
iniyaas	2
imwaas	2
imudhum	2
imontul	2
imolkina	2
imola	2
imishki	2
imishka/	2
imiiki	2
ime’da	2
iman’theḵ	2
iman’doyi	2
iman’ce’d	2
imanyuḵ	2
imanṯo’c	2
imanshu/um	2
imanp̱iya	2
imanp̱i	2
imannyaḵa	2
imanḵwal	2
imankul	2
imanhila	2
imanhe’k	2
imanha’k	2
imanhashu	2
imandar	2
iman/usha	2
iman/uḵa	2
imaliḵi	2
imahana	2
iluwi	2
ili	2
iḵwalkina	2
iḵwalki	2
iḵrist͟hos	2
iḵogu	2
ikaru	2
ikarkina	2
ikar	2
ikankina	2
ijoc̱ki	2
ijis	2
ijasa/	2
ihiminayus	2
ihe’kkunu	2
ihatha’ko’d	2
ihashkika/	2
ihagaski	2
igu’b	2
idorki	2
idiṯadiṯ	2
idiki’da	2
idikin	2
idhunu	2
idhukunu	2
idho’thkina	2
idho’thkin	2
idho’th	2
idhalkina	2
idhal	2
ic̱or	2
ic̱a’bki’d	2
icuki	2
icade	2
ibwaŋ’kup̱	2
ibwamani	2
ibum	2
ibraani	2
ibliis	2
ibiṯa	2
ibiriŋ	2
ibat͟h	2
i/ush	2
i/uni	2
i/um	2
i/owa	2
i/okina	2
i/ishki	2
i/ii	2
i/e	2
i/a’di	2
huur	2
husham	2
hurki	2
hiskiyya	2
hiluwa	2
hilu	2
hiljaro/	2
hilin	2
hiirah	2
hidha	2
he’thki’d	2
hermas	2
heeyy	2
ha’bki	2
hayyiye	2
hayp̱a	2
hatha’ko’di	2
hashkika/	2
hashka/	2
hashina	2
harki	2
hari	2
hapuc̱	2
halan’twa/	2
hakina	2
hadaar	2
hadaad	2
gwonyc̱i	2
gwonthoḵ	2
gwono’d	2
gwoluwa	2
gwoki’da	2
gwa’dkin	2
gwaṯṯan	2
gwasani	2
gwari	2
gwanyjwaha/	2
gwanyjaḵan	2
gwansana	2
gwana’da	2
gwalish	2
gwakalki	2
gwaju	2
gu’ba’kum	2
guyunu	2
guyaa/	2
guski’da	2
guskin	2
guren	2
gunni	2
gumbway	2
guluca	2
gukina	2
guka/	2
gugundhi/	2
go’de/	2
golkunu	2
giryat/arba	2
giinaan	2
gidar	2
ghayuus	2
ghayuur	2
ghassa	2
ghasaala	2
ghamala/iil	2
ghaliyuun	2
gaŋgaram	2
gathuurah	2
gasiisa	2
ganankina	2
ganaa	2
gamp̱aŋ	2
gamkin	2
gamkaa/	2
gamga/	2
gama’da	2
gamana	2
galal	2
gahaat	2
gada	2
gac̱u/	2
ga/a	2
eŋgula/	2
eye	2
en’thiny	2
enuwa	2
enkin	2
ellkina	2
ell	2
eli/aasar	2
eḵkin	2
eenaayim	2
dwamga/	2
dwama	2
dwallkina	2
dwallka/	2
dwalla	2
dwa/a’d	2
duŋkurki	2
duŋgur	2
dut͟han	2
dup̱u	2
dumbul	2
doṯuwa	2
doṯa/	2
doshu	2
doshka/	2
dorki’d	2
dori	2
doḵki’di	2
doḵki’da	2
di’buwa	2
di’bkika/	2
diŋdiŋ	2
diyutriip̱is	2
diyi	2
diṯkina	2
diṯga/	2
dilkunu	2
dilki’da	2
dilkina	2
dili	2
dila	2
diḵ	2
dhwa/a’dki	2
dhu’da	2
dhunya/	2
dhuku/	2
dhukin	2
dho’do/	2
dhotho’di	2
dhi’thkunu	2
dhi’thki	2
dhii/e	2
dheŋdhenyem	2
dhelelkika/	2
dha’bki	2
dhap̱ana	2
dhallam	2
dhalkin	2
dhalkaa/	2
dhala’da	2
dhalaa/	2
dhagamki’da	2
dhadharmu’th	2
deŋi	2
dena	2
deḵuwa	2
deḵu/	2
deḵga/	2
dehe/	2
deeyi	2
deena	2
deeki’d	2
dawuu’da	2
darkin	2
daḵu/	2
daḵkina	2
da/ara	2
c̱wanyu	2
c̱umpula/	2
c̱oṯ	2
c̱okoṯki	2
c̱okoṯ	2
c̱iŋŋa/	2
c̱ithirkin	2
c̱iku/	2
c̱ii	2
c̱idhu	2
c̱a’bka/	2
c̱aww	2
c̱aw	2
c̱ala	2
c̱aca/	2
cwaŋkush	2
cuyunu	2
cuyu/	2
cuuwam	2
cuukina	2
cuuki	2
culi	2
cula	2
cuc̱uwa	2
cilka/	2
cic̱a	2
ceshuwa	2
cesha	2
ca’da	2
canu	2
cakina	2
caagam	2
bwaŋgu’b	2
bwanyaraŋ	2
bwanyara	2
bwambirman	2
bwaakin	2
bwaaki	2
buyymo	2
buyempan	2
buyempam	2
buw	2
buulusi	2
buulusa	2
buṯkan	2
buṯerusa	2
buṯa	2
buṯ	2
buthur	2
businye/	2
busho’k	2
burush	2
burrinyeny	2
bunyana	2
bumburush	2
bulga/	2
bujura	2
boṯo’d	2
boṯkin	2
bolona	2
bolkina	2
boc̱o’da	2
boc̱ki’d	2
biŋ	2
bit͟hiniyya	2
bit͟hi/	2
biṯki’di	2
birish	2
bira	2
bin	2
be’dkunu	2
bereḵ	2
bem’ban	2
belkunu	2
belki	2
beem	2
ba’da/	2
bat͟hki’da	2
bat͟ha’di	2
basi	2
barṯimawuus	2
barsaaba	2
barii/ah	2
baman	2
bamambor	2
bama	2
balsam	2
baḵkunu	2
baku	2
baalhanaan	2
baal	2
a’thintha/	2
a’them	2
a’teŋ	2
a’tash	2
a’kaŋ’kup̱	2
a’dun	2
a’doŋkoro/	2
a’diye/	2
a’dija	2
a’danne	2
a’dani	2
a’dana	2
a’daḵ	2
a’bwa/um	2
a’bicajwahar	2
ayiseŋ	2
ayinyjwa	2
ayahuuda	2
awuuŋ	2
awot͟h	2
awmaar	2
awassa/	2
awasa/	2
awarkaŋ	2
awaḵa	2
aṯi’d	2
atomm	2
atiithus	2
athurmany	2
athulp̱a/	2
aththa	2
athop̱am	2
athop̱a/	2
athele/	2
athaad	2
assuus	2
asraah	2
aski’d	2
asi	2
asho’k	2
ashkuul	2
asahan	2
asaarah	2
aryuuk	2
arḵibbus	2
ariyaal	2
aran	2
arahab	2
arab	2
ara/ubiin	2
ap̱om	2
ap̱asṯuus	2
appee	2
anyoḵ	2
anyert͟ham	2
anos	2
anansan	2
anankin	2
anana	2
amyaal	2
amraap̱al	2
amraam	2
ammuun	2
amii	2
aman’doyu/	2
aman’de’k	2
amanwan	2
amanṯel	2
amantor	2
amantim	2
amanshwana	2
amanna	2
amanmisha	2
amanmiimii	2
amanḵogum	2
amanjiya	2
amanji	2
amaḵ	2
aluŋ	2
aluuth	2
allasar	2
aliyuud	2
aliyagiim	2
alanyjoro’c	2
alambam	2
alaap̱	2
aḵwa/um	2
aḵum	2
aḵubbaayam	2
aḵiim	2
aḵi	2
aḵa’dum	2
aḵar/e	2
akbuur	2
akaḵ	2
aja’da/	2
ahirdhe/	2
ahe’k	2
ahaas	2
agum	2
aghabuus	2
agagala/	2
adwalliŋ	2
adu’d	2
adhop̱	2
adhiŋ	2
adawuu’d	2
ac̱iṯṯaan	2
acumaṯa	2
acampura	2
abwam	2
abwa	2
abori	2
abinycwa	2
abiny	2
abilaaṯus	2
abiib	2
abihud	2
abenyamiin	2
abar	2
aasuur	2
aasa	2
aamuun	2
aadama	2
a/ushiŋ	2
a/uḵa	2
a/ṯosha	2
a/mo	2
a/min	2
a/miga/	2
a/isiŋ	2
a/is/hak	2
a/arumgimis	2
a/al	2
/em	2
’twaŋkali	1
’twash	1
’twan’dap̱	1
’twaḵkunu	1
’twaḵki’d	1
’twaḵkin	1
’twaḵka’d	1
’twaḵi	1
’twaḵa’d	1
’tu’dkunuwa	1
’tu’dki’da	1
’tu’dina	1
’tu’di/	1
’tu’daa/	1
’tu’da/	1
’tuntulu/	1
’tuntulkina	1
’tuntul	1
’tuntilkina	1
’tumu	1
’tumki’da	1
’tuma	1
’tulu/	1
’tulkunu	1
’tulkina	1
’tul	1
’tuḵu/	1
’tuḵkunu	1
’tuḵki	1
’tuḵka/	1
’to/	1
’tiya’ti	1
’tirki’d	1
’tirkina	1
’timu/	1
’tilki	1
’tiga/	1
’tic̱ila/	1
’tic̱il	1
’thut͟hu/	1
’thut͟ha	1
’thup̱kunu	1
’thup̱ki’da	1
’thup̱ki’d	1
’thup̱i	1
’thup	1
’tho’da	1
’thot͟hu	1
’thot͟ho/	1
’thosi	1
’thonuwa	1
’thonthorki’d	1
’thonthor	1
’thoḵki’da	1
’thoḵaa/	1
’thoki’da	1
’tho/	1
’thiya	1
’thiraa/	1
’thira	1
’thip̱iny	1
’thinuwa	1
’thiḵkunu	1
’thikunuwa	1
’thiki’da	1
’thi/a	1
’theru/	1
’therkina	1
’theḵkin	1
’theḵi’d	1
’theḵa	1
’thekika/	1
’thayyi	1
’thami	1
’thakina	1
’thabula	1
’tha	1
’te’d	1
’terki	1
’teka/	1
’te/o	1
’te/a	1
’ta’dama	1
’tashkunu	1
’tampalkina	1
’tampalki	1
’tampal	1
’tamkunuwa	1
’taḵki	1
’punyu/	1
’pisiraŋ	1
’pish	1
’pinyi	1
’pe’du/	1
’pe’du	1
’pe’di	1
’peŋkap̱an	1
’pesheŋ	1
’pera	1
’peny’ce	1
’pent͟hi’th	1
’penḵaskum	1
’penimo	1
’penaṯiŋkilan	1
’penaṯiŋkilam	1
’pem	1
’mera	1
’ḵogu	1
’kwarku/	1
’kwarki’d	1
’kwaniny’cesh/	1
’kwaḵar	1
’kwaḵala/	1
’kuyi’de/	1
’kup̱a’dup̱una	1
’kunyki’d	1
’kum’dii	1
’kumpum	1
’kummki	1
’kumm	1
’kulkika/	1
’kulgaŋ	1
’kulam	1
’kula	1
’kuḵumma/	1
’kuḵuma/	1
’kuju	1
’kuc̱ki’da	1
’kuc̱kina	1
’kuc̱kin	1
’kuc̱ka/	1
’kucwa	1
’koyunu	1
’koyin	1
’koshu/	1
’koshki’d	1
’koshaa/	1
’konuki/	1
’kolkina	1
’kola	1
’koku	1
’ko/	1
’ka’dka/	1
’ka’di	1
’ka’dga/	1
’ka’daa/	1
’kaŋ	1
’kayaa/	1
’kawurki’da	1
’kawurki	1
’karki	1
’kara	1
’kanyco/	1
’kani	1
’kamu’thkunu	1
’kamutha	1
’kama	1
’kali’thkina	1
’kalitha	1
’kaḵarki	1
’kaki’da	1
’kaka’d	1
’kahar	1
’kaa	1
’du’dun	1
’dushura	1
’dushur	1
’dup̱uni	1
’dup̱un	1
’dowa	1
’dorro/	1
’dorotha’doro’th	1
’dolkona	1
’doku/	1
’dokina	1
’diŋkilan	1
’diyi	1
’diya	1
’dishu	1
’dishki’di	1
’dishesan	1
’dishaa/	1
’dimka/	1
’diḵil	1
’di	1
’dhali	1
’de’kkunuwa	1
’deyin	1
’deke’thki’d	1
’deke’thki	1
’daŋkalu/	1
’dashu	1
’dashkina	1
’dasha	1
’dap̱ki’d	1
’dap̱ka’d	1
’dap̱a’di	1
’dap̱a’da	1
’dapa’d	1
’danṯar	1
’dac̱al	1
’da	1
’c̱a’bi	1
’cwarkina	1
’cwarki	1
’cwara’cwar	1
’cwara	1
’cwamu/	1
’cwamki	1
’cu’k	1
’curkina	1
’curki	1
’cunycurki	1
’cunycur	1
’cummam	1
’cumkunu	1
’cum	1
’cuḵki’d	1
’cuḵkin	1
’cuḵka	1
’cuḵaa/	1
’co’colo’c	1
’colem	1
’co/	1
’ciŋgwat͟ha	1
’cit͟hki’d	1
’cit͟hka/	1
’cit͟hi	1
’cit͟han	1
’ciṯhuwa	1
’cithira/	1
’cithir	1
’cimudhu	1
’cilman	1
’ce’dkin	1
’ce’di’da	1
’ce’de’d	1
’ce’dc̱ipiny	1
’ce’da/	1
’cet͟hku/	1
’cet͟hkina	1
’cet͟hki	1
’cet͟hina	1
’cet͟he’da	1
’cet͟ha	1
’cet͟h	1
’cethe’da	1
’cepesa	1
’cepes	1
’cenaa	1
’cemki	1
’cemi’dki’da	1
’ceeyu	1
’ceeya	1
’ceenu/	1
’ceen	1
’ceekunuwa	1
’ceeki	1
’cece’bki	1
’capuṯa/	1
’capuṯ	1
’bwanu’ba	1
’bwahama	1
’bwaash	1
’bu’thki’da	1
’bushurkina	1
’buni	1
’borona	1
’borkika/	1
’borka/	1
’boriya	1
’borga/yi	1
’bomiŋ	1
’bi’th/em	1
’biṯṯ	1
’bitha’bith	1
’bina	1
’bimbil	1
’bila	1
’bidhu/	1
’bidha	1
’bica	1
’bi/	1
’bi	1
’be’dki	1
’be’di	1
’ba’thka/	1
’ba’ban	1
’barkina	1
’bap̱u/	1
’bap̱kin	1
’bap̱i	1
’bap̱a’bap̱	1
’bap̱	1
’bapaski	1
’bame’d	1
’bala’thga/	1
’bala’th	1
’balatha’bala’th	1
’bakaa	1
’baka/	1
’baaru	1
’baarkin	1
’baarana	1
’baame’da	1
’ba	1
ŋ’kup̱i	1
ŋ’kume’d	1
ŋ’ka’da’d	1
ŋwal	1
ŋulla/	1
ŋḵa’bkunu	1
ŋarŋash	1
ŋarŋar	1
ŋarr	1
ŋarim	1
ŋap̱uwa	1
ŋap̱u	1
ŋap̱kin	1
ŋana/	1
ŋana	1
ŋan	1
ŋalki’da	1
ŋakunu	1
ŋahŋah	1
ŋaariŋ	1
yu’du/	1
yu’dki’da	1
yu’dkina	1
yu’dki	1
yuwab	1
yuusi	1
yuuna	1
yuul	1
yuukam	1
yuuka/	1
yuub	1
yusthus	1
yuriim	1
yuniyas	1
yunaan	1
yulkin	1
yul	1
yuḵunuwa	1
yuḵu/	1
yuḵkin	1
yuḵkika/	1
yuḵi’d	1
yuḵa/	1
yuki’d	1
yuki	1
yukabed	1
yuhanna	1
yubal	1
yu/iil	1
yu	1
yosu	1
yoro	1
yoluwa	1
yoll	1
yolki’da	1
yolaa/	1
yocorki	1
yi’de/yi	1
yiŋkira/	1
yit͟hraan	1
yissa/	1
yisr	1
yiskah	1
yishwi	1
yishwah	1
yishbaag	1
yishaar	1
yisbip̱	1
yisaŋa	1
yisawa/	1
yisanya	1
yisany	1
yisam	1
yisaa	1
yirto	1
yir/ah	1
yip̱kunu	1
yip̱kina	1
yinthom	1
yimnah	1
yilsaŋ	1
yilkinaŋ	1
yilkinan	1
yilin	1
yiḵinkin	1
yiish	1
yidlaap̱	1
yidhit͟hi’d	1
yidhit͟hga/	1
ye’thkunuwa	1
ye’da	1
yeyunum	1
yeyaa/	1
yeya	1
yethu	1
yesuu/	1
yesayes	1
yeḵki’da	1
yeḵa	1
yekunu	1
yeeyaa/	1
ya’thkunu	1
yayu	1
yayo/	1
yayini	1
yaya’di	1
yatiit	1
yathuur	1
yathaya’th	1
yashar	1
yap̱taah	1
yap̱kina	1
yap̱i	1
yap̱a	1
yansansan	1
yansankan	1
yansani	1
yanniis	1
yanne	1
yanna	1
yanagap̱	1
yamp̱u’d	1
yampa/	1
yamiin	1
yambiriis	1
yakuuba	1
yaki’d/	1
yakiin	1
yajarsahduut͟ha	1
yahwah	1
yahuudaa	1
yahudiit	1
yahas/iil	1
yahal/iil	1
yabin	1
yabbuug	1
yabal	1
yaaseŋ	1
yaase/	1
yaarid	1
yaarah	1
yaamiin	1
yaaḵiin	1
yaa	1
ya/kina	1
ya/a	1
wu’thkunu	1
wu’thkina	1
wuŋkulkika/	1
wuŋkul	1
wuŋgul	1
wuyu/	1
wuyina	1
wuyi	1
wuyaa/	1
wuy	1
wuum	1
wuu	1
wuṯulu/	1
wuṯulkunu	1
wuṯulki	1
wutha	1
wusi	1
wushur	1
wushulan	1
wurup̱a	1
wup̱uni	1
wup̱ki’d	1
wup̱kina	1
wunyu/	1
wuḵ	1
wuki’di	1
wuki’da	1
wukaa/	1
wudhuwa	1
wo’ckunuwa	1
wo’ckina	1
wot͟hina	1
wolo’d	1
wolkika/	1
wolka	1
wojje	1
winya	1
wa’thkunu	1
wa’thkina	1
wa’da/	1
wa’d	1
wa’ba/	1
wa’b	1
waŋgali	1
waŋgala/	1
wayina	1
wayaa/	1
waṯkina	1
waṯaa/	1
wathiny’cesha	1
wathinyaŋa’ba	1
wathimpan	1
washi/a	1
washana	1
wasaŋ	1
wasam	1
warriny	1
warom	1
waro/	1
warma’c	1
warkika/	1
warka’d	1
warkaŋ	1
warana	1
waraa	1
wara/	1
wanyjar	1
wanycarkina	1
wanycara/	1
wanycar	1
wanki’da	1
wankina/	1
wame’d	1
walwal	1
walla/	1
walkunu	1
walka/	1
walana	1
waḵiila	1
waḵiil	1
wakin	1
waka’d	1
wakatintaye	1
wakaski	1
wakansana	1
wagaski’da	1
wagar	1
waga	1
wac̱uwa	1
wac̱u	1
wac̱i/	1
wac̱a’d	1
waar	1
wa/iŋ	1
uuhad	1
uubal	1
ut͟hki	1
ut͟hi/	1
uski’d	1
uskin	1
uski	1
ushu’d	1
ushun	1
ushi’ceenne/	1
ushiŋ	1
ushin	1
ushana	1
ushalla/	1
ushalaŋ	1
usal	1
usa/us	1
uru’da	1
urukliduun	1
urkunuwa	1
urkika/	1
urka/	1
urka	1
uriyya	1
urbu/	1
urbu	1
urbanus	1
up̱ka/	1
unu	1
uniny	1
unam	1
umu’di	1
umuwa	1
umu	1
umme	1
umma	1
ulumbaas	1
uluc̱ki’d	1
uluc̱ki	1
ulmany	1
uli	1
uḵuŋ	1
uḵkin	1
uhad	1
uc̱iŋgwat͟hi	1
uc̱aŋŋi	1
uc̱aŋi	1
uc̱aŋ	1
uci	1
t͟huthu	1
t͟huthaa/	1
t͟hunyu/	1
t͟hunyu	1
t͟hunykina	1
t͟hudaas	1
t͟hi’thki’da	1
t͟hidhu	1
t͟ha’thki	1
t͟ha’thka’d	1
t͟hathu	1
t͟hathi	1
t͟hadha	1
ṯwa/a/a	1
ṯu’kkun	1
ṯu’kki/	1
ṯu’kka/	1
ṯu’d	1
ṯu’cki’da	1
ṯu’ckin	1
ṯu’bu/	1
ṯu’ba	1
ṯu’b	1
ṯushunkunu	1
ṯuru/	1
ṯurki	1
ṯur	1
ṯulṯumiyya	1
ṯuḵkinkina	1
ṯukuwa	1
ṯuku/	1
ṯuju	1
ṯujarmah	1
ṯugu	1
ṯugkun	1
ṯuga	1
ṯucaa/	1
ṯubal	1
ṯu/ulkunu	1
ṯu/ulki’d	1
ṯu/ula	1
ṯu/aṯu/	1
ṯo’kkina	1
ṯo’kki	1
ṯo’du/	1
ṯo’do’d	1
ṯo’dki’d	1
ṯo’dkin	1
ṯo’di	1
ṯo’cki’da	1
ṯoshu	1
ṯoshkika/	1
ṯoshi	1
ṯorosha	1
ṯorony	1
ṯorki’d	1
ṯollo’k	1
ṯokiya	1
ṯoki	1
ṯoka	1
ṯocuwa	1
ṯi’thkunu	1
ṯi’k	1
ṯiŋkwan	1
ṯiŋkila/	1
ṯithiyus	1
ṯirrishu	1
ṯirrishkika/	1
ṯirrishi	1
ṯiras	1
ṯiraannus	1
ṯimuun	1
ṯimawuus	1
ṯikirkunu	1
ṯikirki’d	1
ṯikirk	1
ṯikina	1
ṯe’dkina	1
ṯe’di	1
ṯeski	1
ṯeru/	1
ṯera	1
ṯena	1
ṯem	1
ṯelki’d	1
ṯelkin	1
ṯelkika/	1
ṯele’da	1
ṯe/a	1
ṯa’kkunuwa	1
ṯa’kku/	1
ṯa’kka	1
ṯaŋ	1
ṯawusga/	1
ṯarṯullus	1
ṯarṯiyuus	1
ṯarip̱uusa	1
ṯariip̱an	1
ṯariip̱a	1
ṯanki	1
ṯani	1
ṯalki	1
ṯalit͟ha	1
ṯaguwa	1
ṯagkini	1
ṯaga	1
ṯaca	1
ṯa/i	1
tuŋkurki	1
tuŋkur	1
tuulaa/	1
tura/	1
tup̱u	1
tup̱ki	1
tup̱aa/	1
tup̱a	1
tup̱	1
tulu’da	1
tuluwa	1
tulp̱a/	1
tulkunuwa	1
tuḵuwa	1
tuḵu/	1
tuḵki	1
tuḵi	1
tuki	1
toŋ’kulush	1
toŋ’kulga/	1
toŋtoŋ	1
toŋḵuthu’da	1
toŋḵar	1
toŋki’d	1
toŋkan	1
toruwa	1
tortukul	1
tori	1
topu	1
tony’cesh	1
tonyjeshe/	1
tonyjaro/	1
tonyjani	1
tonṯeyi	1
tontaḵi	1
tondiṯi’da	1
tondiṯi’d	1
tom’bam	1
tom’ba/	1
tomp̱inum	1
tomp̱in	1
tombwaashom	1
tombar	1
toma	1
to/uḵa	1
to/eya	1
to/en	1
to/as	1
tiyam	1
tirkunu	1
tirki	1
tiri’d	1
tintira/	1
tintir	1
timkunu	1
timki’da	1
timkina	1
timka/	1
timina	1
tilu	1
tili/	1
tiḵa	1
tiḵ	1
thu’thki	1
thuthi’da	1
thurmanya	1
thurmany	1
thunthur	1
thumi	1
thulku/	1
thulka	1
thulas	1
thuḵu	1
thuḵkin	1
thoyi	1
thot͟hkin	1
thot͟hka	1
thot͟haa/	1
thot͟ha	1
thosonki’d	1
thosoni’da	1
thosonaa/	1
thop̱a	1
thonki’da	1
thonkina	1
thonaa/	1
thoḵkunu	1
thoḵkika/	1
thoḵiya	1
thissi’di	1
thiskin	1
thiskika/	1
thiska/	1
thip̱uwa	1
thip̱kina	1
thip̱kin	1
thip̱a/	1
thini	1
thimki’d	1
thimi’da	1
thimi’d	1
thibariyuus	1
ther	1
thenuwa	1
theḵ	1
thekunuwa	1
theke’thkunu	1
thebera/	1
theber	1
thap̱	1
thanyi	1
thamunu	1
thamkika/	1
thaman	1
thal	1
thaabah	1
te’b	1
teṯeŋ	1
teru/	1
tera	1
tekela/	1
tekel	1
teema	1
taŋkara/	1
tayina	1
tayaa	1
taya	1
tawan	1
tashkina	1
tashki	1
tashi	1
tasham	1
tashaa/	1
tasha	1
tap̱any	1
tantar	1
tantan	1
tamar	1
taḵki	1
takika/	1
takan	1
taka	1
tagina	1
tabur	1
taahash	1
ta/a	1
su’kkunuwa	1
su’kka	1
suŋ	1
suus	1
suura	1
suṯṯumiyya	1
suttu	1
suthumiyya	1
susu’da	1
susuwa	1
susunu	1
susṯaniis	1
sustanis	1
suska/	1
suska	1
susi’da	1
susina	1
susibaṯrus	1
susanna	1
suru’dki	1
suruna	1
surkun	1
surki’d	1
sum	1
sulu’d	1
sulu	1
sulkunu	1
sulki’da	1
suleŋ	1
suḵuuṯ	1
suḵut͟h	1
suḵar	1
suhar	1
sugki	1
sug	1
suba	1
so’kki’d	1
soyina	1
soyin	1
soro’da	1
sorot͟hkina	1
sorot͟h	1
sorki’da	1
sori	1
soo	1
soni	1
soka	1
si’dkina	1
si’dawa	1
sitri	1
sithnah	1
sisara	1
siryuun	1
siri’ckunuwa	1
siriju/	1
siriju	1
sirakuusa	1
sip̱yuun	1
sip̱ti/	1
sippuura	1
sinṯiiḵi	1
sinas	1
simaani	1
sikri	1
sika/	1
sijina	1
siip̱	1
sihyuuni	1
sicasi’c	1
si/ki	1
si/isa	1
shwanuwa	1
shwantom	1
shwani	1
shwaneyin	1
shwanaa	1
shwakini	1
shwakaa/	1
shwaka/	1
shu’di	1
shu’be/	1
shu’b	1
shuuni	1
shushki’da	1
shusha	1
shurki’d	1
shurki	1
shureya	1
shupuri	1
shunse/	1
shunsan	1
shuni	1
shumuṯa	1
shumu	1
shumkin	1
shumi	1
shuma	1
shuha	1
shubur	1
shubbaak	1
shu/aa/	1
shorkina	1
shorka	1
shonu	1
shomu	1
shokunu	1
shi’dkina	1
shi’d	1
shi’bilkunu	1
shi’bilin	1
shi’bili	1
shiyi’di	1
shiyini	1
shiyina	1
shiyi	1
shiṯ	1
shiru	1
shirru	1
shirkunu	1
shirkina	1
ship̱iṯi	1
shinunu	1
shinu/	1
shinki’da	1
shinka	1
shin/aab	1
shimruun	1
shimi	1
shima	1
shim/iibar	1
shilu	1
shilliim	1
shilkunu	1
shilgwalish	1
shila	1
shiinu	1
shigkunu	1
shibah	1
shi/ki’d	1
shi/ka/	1
shi/irr	1
shi/irki’d	1
shi/inyjwa	1
shi/inkunu	1
shi/inki’da	1
shi/ini’d	1
shi/gaŋ	1
shi/aa/	1
sheŋgolu/	1
sheya	1
sheṯ	1
sheshkon	1
shen	1
shem’bor	1
sheminith	1
shekemkini	1
shekem	1
she/um	1
she/i	1
sha’bki’di	1
shawagiryataayim	1
shawa	1
shaṯki’da	1
shap̱wa	1
shamuun	1
shamshuun	1
shakalki’d	1
shaalap̱	1
seyu	1
seyin	1
seyi	1
seṯuuna	1
seṯaani	1
ses	1
sere’thki’d	1
sere’ckunu	1
seki’di	1
sekim	1
seele/	1
sebadi	1
sayii	1
sayi	1
saye	1
sawaan	1
saruun	1
sarp̱a	1
sarjiyuus	1
sap̱naat	1
sap̱aar	1
samuus	1
samut͟hraaki	1
samaar	1
sam	1
saluukiya	1
salmuuni	1
salmunnaa/	1
salkin	1
saliiḵa	1
salamiis	1
sakuntus	1
saki’d	1
saki	1
saka’thkunu	1
saka’th	1
sadukiyiina	1
sabulun	1
sabtaka	1
sabtah	1
sabah	1
saarad	1
saamiram	1
rwa’ckina	1
rwa’c	1
rwaci	1
rwa/e/	1
ruwaak	1
ruu’kkunu	1
ruush	1
ruumaniyiin	1
ruski’d	1
rusa	1
rumkunuwa	1
rumkika/	1
ruḵa/	1
ruḵa	1
rukunykunuwa	1
rukunya	1
rudus	1
ruda	1
ro’du	1
ro’c	1
rot͟h	1
romp̱a/	1
rokomkunu	1
rokomki	1
rogomkunu	1
rogomkika/	1
rogom	1
roc̱uwa	1
roc̱a	1
roci	1
ri’ckunu	1
risi	1
rip̱at͟h	1
riisha/	1
righiyuun	1
ric̱ki’da	1
ricu	1
ri/uwa	1
ri/u	1
ri/	1
re’du	1
re’di	1
re’d	1
rep̱u/	1
rep̱ki	1
rep̱	1
remu	1
remambor	1
rayunu/	1
rayu/	1
rasku/	1
raski’da	1
raskina	1
rasiŋ	1
rasi	1
rashu	1
rashkina	1
rashina	1
rampaan	1
ramisiis	1
ramasiis	1
rama	1
ram	1
raḵuwa	1
raḵki’d	1
raḵkina	1
raḵka’di	1
raḵa’d	1
raḵana	1
raḵakokosh	1
raḵaa/	1
rahubuteer	1
rabbooni	1
ra/uut͟h	1
ra/uumah	1
ra/amsiis	1
p̱u’dkun	1
p̱u’daa/	1
p̱uu’d	1
p̱uuwa	1
p̱uunu/	1
p̱uukin	1
p̱uṯulkina	1
p̱uth	1
p̱usi	1
p̱urtunatus	1
p̱ucum	1
p̱u/uwa	1
p̱u/u	1
p̱orkin	1
p̱olok	1
p̱olkon	1
p̱oka	1
p̱o	1
p̱i’dna	1
p̱i’da	1
p̱iyini	1
p̱iyina	1
p̱iyin	1
p̱iyaa/	1
p̱iski’d	1
p̱iskin	1
p̱isina	1
p̱ishun	1
p̱ishinki	1
p̱ishina	1
p̱is	1
p̱iriska	1
p̱ir	1
p̱inykina	1
p̱inuwa	1
p̱inun	1
p̱iniks	1
p̱inihas	1
p̱inahaas	1
p̱iluluugus	1
p̱ilitus	1
p̱iliguun	1
p̱ildaash	1
p̱ilaḵṯerim	1
p̱ilaḵṯeri	1
p̱iki’da	1
p̱ikini	1
p̱ihahiirut͟h	1
p̱ihaahiirut͟h	1
p̱ibi	1
p̱e’thkunu	1
p̱e’do/	1
p̱e’dki	1
p̱e’da	1
p̱e’d	1
p̱eyu/	1
p̱eyi	1
p̱eyaa/	1
p̱eshki’d	1
p̱eka/	1
p̱a’dkina	1
p̱a’dal	1
p̱a’da	1
p̱awwah	1
p̱atrusiim	1
p̱asuliya	1
p̱arṯiya	1
p̱arki’d	1
p̱arkin	1
p̱arashap̱arash	1
p̱aran	1
p̱aniih	1
p̱ampara/	1
p̱ali	1
p̱alan	1
p̱ala/	1
p̱ala	1
p̱aguur	1
p̱addaan	1
p̱aca	1
p̱aaraan	1
pu’dki’da	1
pu’dkini	1
puu/a	1
puṯulimaayis	1
puṯi/iil	1
puthiyuuli	1
push	1
puru’d	1
puruḵuurus	1
puru/	1
purrus	1
purkunu	1
purki’d	1
purkiyuus	1
purki	1
puren	1
pupuri’di	1
pupura/	1
pupur	1
pum	1
puluŋ	1
pucuru	1
pucurki	1
pucura	1
pucumki	1
publiyuus	1
pu/	1
pu	1
ppen	1
posi	1
poshu	1
poshkin	1
posh	1
por	1
poomen	1
poḵa	1
pi’da	1
piŋ	1
piyaa/	1
piṯuum	1
pitilki	1
pithilki	1
pirkina	1
pirissi	1
pira	1
pipi	1
pintir	1
piniikiya	1
pimpal	1
pika	1
picirkika/	1
picir	1
pibim	1
pibi/	1
pe’kup̱anyolos	1
peya	1
pesu/i	1
peshe/	1
peperki’d	1
peperkina	1
peperki	1
penuwa	1
pat͟hu	1
pat͟h	1
paṯara	1
pashkina	1
pashki	1
pashi	1
parminaas	1
parki’da	1
parki’d	1
parki	1
para	1
panyjap̱am	1
pampaŋ	1
pamki	1
palka/	1
palaa/	1
paaris	1
paaran	1
paa	1
o’dki	1
oyu/	1
oma	1
oḵonkina	1
okunuwa	1
oku/	1
oki’d	1
ohonkin	1
n’thi	1
ny’ce’dka	1
nyunyu/	1
nyunykina/	1
nyunycinaŋ	1
nyunycinan	1
nyu/kunu	1
nyu/	1
nyoŋ’kor	1
nyoŋuwa	1
nyoŋu	1
nyonkom	1
nyolos	1
nyoggaŋ	1
nyo/o’di	1
nyo/o’da	1
nyo/ki’d	1
nyo/ga/	1
nynyc̱a/	1
nyit͟hki’da	1
nyir	1
nye’ba/	1
nyer	1
nyenthe/	1
nyemes	1
nyem	1
nyc̱a’bi	1
nycineya	1
nyce/e	1
nyca’d	1
nyaŋuwa	1
nyaŋkin	1
nyaŋa’b	1
nyaŋaa/	1
nyaran	1
nyanygon	1
nyanyeŋ	1
nyalla/	1
nyaḵḵa	1
nyaḵku	1
nyaḵka’da	1
nyaḵkaa	1
nyaḵi	1
nyaḵa’da	1
nyahara/	1
nu’th	1
nuss	1
nud	1
nṯwaa/a/	1
nṯwa/a	1
nṯelki	1
nton	1
ntana	1
nsuski	1
nsu/	1
nshemen	1
noro’d	1
nonkunu	1
noni’da	1
nniin	1
niyapuliis	1
niriyuus	1
niri	1
ninn	1
nin	1
nimp̱aas	1
nimaan	1
nikula/uus	1
nikubulis	1
nikanuur	1
nijar	1
niina	1
neran	1
neram	1
ndin	1
ndi	1
ndhal	1
na’th	1
na’bula/	1
na’bul	1
nayiin	1
nat͟han	1
nat͟haan	1
naskinaŋ	1
naskinayi	1
narḵissus	1
nap̱tuhiim	1
nap̱ish	1
nap̱e/	1
napu’c	1
nanni	1
nann	1
nani’da	1
nan	1
namaan	1
nam	1
najjaay	1
nahuum	1
nahreen	1
nagkanki’da	1
nagkanki	1
naayiin	1
naama	1
m’bame’d	1
m’bam	1
mu’thkika/	1
muŋgun	1
muuluuk	1
muṯṯi’di	1
mushi	1
musha	1
musan	1
muru/	1
murki’da	1
murkin	1
muriyya	1
murini	1
murah	1
mup̱p̱iim	1
munn	1
mummudhe’d	1
mumki	1
mumi	1
mumbur	1
muma	1
mudhu	1
mudhiny’cere/	1
mu/i	1
mu/ab	1
mp̱u’du/	1
mpesuyi	1
mpa	1
mo’pena	1
mo’dim	1
mo’ce’d	1
moŋ’kwaru	1
moŋ’kuwosha	1
moŋ’kup̱ajeŋ	1
moŋ’kunyka/	1
moŋ’kulu’d	1
moŋ’kulu	1
moŋ’kulgaŋ	1
moŋ’kuc̱	1
moŋ’koki/en	1
moŋḵwa/am	1
moŋḵwa/	1
moŋḵogum	1
moŋḵa’buŋ	1
moŋḵar/e	1
moŋḵal	1
moŋkushi	1
moŋkuny	1
moŋkol	1
moŋko/	1
moŋkap̱	1
moŋgwa’dga/	1
moŋgu’b	1
moŋgarr	1
moŋganan	1
moyurun	1
moyer	1
moyem	1
moya	1
mowuŋ	1
mowot͟ha/	1
mowoj	1
mowaḵa	1
mowah	1
mowac̱a	1
mowaa	1
moṯor	1
motim	1
mothis	1
mosul	1
mosom	1
mosiri’c	1
mosi/isa	1
moshwa	1
mosho’k	1
mosho	1
moshi/irr	1
morwa’c	1
moros	1
moroc̱	1
morbip̱a	1
mor	1
mooniin	1
mon’twash	1
mon’twam	1
mon’thup̱u’d	1
mon’thup̱ga/	1
mon’thir	1
mon’thamoŋ	1
mon’thama	1
mon’de/	1
mon’daŋkari’th	1
mony’cwar	1
mony’coḵka/	1
mony’ci’th	1
monyogga/	1
monyo/on	1
monyjwam	1
monyjwa	1
monyju/i	1
monyjoc̱o/	1
monyjeya	1
monyjaŋgal	1
monyc̱iya	1
monycum	1
monycan	1
monyaŋgi	1
mony	1
mont͟ha’th	1
monṯosh	1
monṯocu	1
monṯem	1
monṯag	1
monturga/	1
montulu	1
montondeŋ	1
montima	1
monthusi	1
monthoson	1
monthip̱	1
montaŋkar	1
montap̱a	1
montaḵi	1
monoro’d	1
monduḵu’d	1
mondorum	1
mondoru	1
mondiŋ	1
mondiki/eŋ	1
mondi	1
mondhe’di	1
mondhere’d	1
mondheleladhelela	1
mondeŋu	1
mondeḵu	1
mom’pe’d	1
mom’peŋkuman	1
mom’pen	1
mom’boru	1
mom’bitha	1
mom’bith	1
mom’bir	1
mom’ba/	1
momp̱uu	1
momp̱iriny	1
momp̱inu	1
momp̱e’d	1
mompola	1
mompoḵo’d	1
mompina	1
mompesho’k	1
mompam	1
mompaluŋ	1
mompalu	1
momoṯki’da	1
mombwamma’du/	1
mombwam/eŋ	1
mombwam	1
mombwaashoyi	1
mombor	1
momboc̱	1
mombir	1
mombeega/	1
momba’da’d	1
momaŋas	1
momaŋa	1
momaṯa/	1
momaṯ	1
momalasi	1
moluwa	1
molo’da	1
molkunu	1
molki’da	1
molkika/	1
molina	1
molga/	1
moka	1
moho/	1
mohe’k	1
mohal	1
moha	1
mogwama	1
modor	1
modoḵ	1
modhaŋ	1
modhal	1
modee	1
moc̱i	1
mo/uḵ	1
mo/ish/em	1
mo/eni	1
mmo’tu’dkina	1
mmo’tu’da/	1
mmo’tuḵ	1
mmo’tim	1
mmo’thup̱a	1
mmo’thup̱	1
mmo’thot͟h	1
mmo’thonthoru/	1
mmo’thiya	1
mmo’tena	1
mmo’ta’dama’ta’dam	1
mmo’ta’bula’ta’bul	1
mmo’tasha/	1
mmo’tasha	1
mmo’tamkina	1
mmo’taḵ	1
mmo’pe’dkina	1
mmo’kwari	1
mmo’kwara	1
mmo’kup̱	1
mmo’kunya	1
mmo’kula	1
mmo’kuc̱	1
mmo’koshkin	1
mmo’koshaa/	1
mmo’kosha/	1
mmo’konu	1
mmo’kol	1
mmo’kokunu	1
mmo’koku/	1
mmo’ka’dkunu	1
mmo’ka’da	1
mmo’ka’d	1
mmo’kawurkina	1
mmo’kara	1
mmo’kamu’thkina	1
mmo’kamkunu	1
mmo’kamaa/	1
mmo’ka/a	1
mmo’doyu	1
mmo’doyina	1
mmo’dowa	1
mmo’dishkina	1
mmo’de’kkin	1
mmo’deḵa	1
mmo’deki	1
mmo’deka	1
mmo’daŋkalkunu	1
mmo’daŋkali	1
mmo’dash	1
mmo’dap̱a	1
mmo’da/ki	1
mmo’cwara	1
mmo’cwar	1
mmo’cwam	1
mmo’cur	1
mmo’cuḵkina	1
mmo’cuḵka	1
mmo’cuḵi	1
mmo’cit͟huwa	1
mmo’cit͟hkina	1
mmo’cit͟hi	1
mmo’ce’dka	1
mmo’ce’da/	1
mmo’cet͟h	1
mmo’cemkin	1
mmo’cee	1
mmo’borkunu	1
mmo’borkina	1
mmo’bitha’bi’th	1
mmo’bitha	1
mmo’ba’thkina	1
mmo’baaru	1
mmoŋap̱kina	1
mmoŋap̱ki	1
mmoŋap̱i	1
mmoŋap̱ga/	1
mmoŋap	1
mmoyu’dkunu	1
mmoyu’dkina	1
mmoyul	1
mmoyuḵkunu	1
mmoyuḵkina	1
mmoyuḵayuḵ	1
mmoyolu/	1
mmoyola	1
mmoyip̱kina	1
mmoye’thkunu	1
mmoye’thkina	1
mmoyeru	1
mmoyeres	1
mmoyera	1
mmoyeḵ	1
mmoyayina	1
mmoyayaa	1
mmoyap̱a	1
mmoyana	1
mmoyakika/	1
mmowo’d	1
mmowo’c	1
mmowoluwa	1
mmowola	1
mmowoja	1
mmowaski	1
mmowarki	1
mmowala	1
mmowaḵkunu	1
mmowaḵkina	1
mmowakina	1
mmowaki	1
mmowac̱u	1
mmowac̱kunuwa	1
mmowac̱ka/	1
mmot͟hu’th	1
mmot͟hi’th	1
mmoṯukun	1
mmoṯuca	1
mmoṯu/ul	1
mmoṯo’ckunu	1
mmoṯoshḵina	1
mmoṯorkunu	1
mmoṯorki	1
mmoṯorka/	1
mmoṯikirkina	1
mmoṯesa	1
mmoṯes	1
mmoṯelu	1
mmoṯa’b	1
mmoṯala	1
mmoṯaka	1
mmoṯagku	1
mmotura	1
mmotulu	1
mmotuli	1
mmoto’b	1
mmotopuwa	1
mmotiḵ	1
mmothutha	1
mmothosona	1
mmothonkina	1
mmothiskina	1
mmothisa	1
mmothimkunu	1
mmothimkina	1
mmothimkika/	1
mmotheya	1
mmothera	1
mmotheḵ	1
mmotayina	1
mmotaya/	1
mmosu’kkina	1
mmosuski	1
mmosulkina	1
mmosona	1
mmosokina	1
mmosi’du/	1
mmosi’dkina	1
mmosi’da/	1
mmosiya	1
mmosirica	1
mmosimma	1
mmoshwakina	1
mmoshwakika/	1
mmoshwaa	1
mmoshuyu/	1
mmoshusha	1
mmoshush	1
mmoshumki	1
mmoshum	1
mmoshor	1
mmoshi’b	1
mmoshinkunuwa	1
mmoshinkunu	1
mmoshin	1
mmoshilaa/	1
mmoshil	1
mmoshiina	1
mmoshi	1
mmoshaṯ	1
mmoshampar	1
mmosekina	1
mmosa	1
mmorwa’ckunu	1
mmorus	1
mmoruma	1
mmorum	1
mmoruḵkina	1
mmoruḵa	1
mmoruḵ	1
mmorukuny	1
mmori’cka/	1
mmorasha	1
mmoraḵa	1
mmop̱u’dkin	1
mmop̱uukina	1
mmop̱u/	1
mmop̱or	1
mmop̱inykin	1
mmop̱ina	1
mmop̱ikina	1
mmop̱ikika/	1
mmop̱ika/	1
mmop̱ena	1
mmop̱araa/	1
mmop̱ana’d	1
mmopu’d	1
mmopucur	1
mmoposhu	1
mmoposha	1
mmopoḵ	1
mmopiya	1
mmopish	1
mmopinu	1
mmopicira	1
mmopeperkina	1
mmonyu/a	1
mmonyoŋkina	1
mmonyoḵka/	1
mmonyit͟ha/	1
mmonyaḵka	1
mmononkunu	1
mmomu’thkina	1
mmomusha	1
mmomurkina	1
mmomura	1
mmomur	1
mmomu/	1
mmomishkin	1
mmomishkika/	1
mmomishka/	1
mmomishga/	1
mmomiinu	1
mmomiikunuwa	1
mmomeru	1
mmomerkina	1
mmomeri	1
mmomaŋaskina	1
mmomaru	1
mmomara’d	1
mmomalkina	1
mmomalaskina	1
mmomal	1
mmoluḵ	1
mmolugum	1
mmolo’bkina	1
mmolosa	1
mmololop̱a	1
mmolol	1
mmoli/	1
mmolaṯ	1
mmolana	1
mmolala	1
mmoḵwo’c	1
mmoḵwa’th	1
mmoḵwa/kina	1
mmoḵu’thkina	1
mmoḵorki	1
mmoḵora	1
mmoḵa’dkunu	1
mmoḵa’da	1
mmoḵanki	1
mmoḵalu/	1
mmoḵalku/	1
mmoḵa/aḵa/	1
mmokwanykina	1
mmokwanykin	1
mmokusha/	1
mmokuma	1
mmokulumi	1
mmokul	1
mmokukul	1
mmokot͟hkina	1
mmokot͟h	1
mmokora	1
mmokayaa/	1
mmokarkunu	1
mmokarkika/	1
mmokana/	1
mmokalkina	1
mmokaaka	1
mmokaa	1
mmojwagaṯ	1
mmojoc̱kina	1
mmojigiṯ	1
mmoji/a	1
mmojeṯkina	1
mmohitha	1
mmohili	1
mmohidha	1
mmohashkunu	1
mmohashka/	1
mmohashi	1
mmohara	1
mmohar	1
mmohana	1
mmoham	1
mmohal	1
mmohakina	1
mmohakara	1
mmohakar	1
mmohakam	1
mmohabus	1
mmogwono’dkina	1
mmogwona	1
mmogwokina	1
mmogwa’c	1
mmogwamkina	1
mmogwama	1
mmoguwa	1
mmoguna	1
mmogukina	1
mmogora	1
mmogomki’d	1
mmogol	1
mmogaŋkina	1
mmogaskina	1
mmogar	1
mmoganankina	1
mmoganan	1
mmogamu	1
mmogalal	1
mmogala	1
mmogac̱u/	1
mmogac̱	1
mmodwalla	1
mmodu’d	1
mmoduŋkur	1
mmoduŋgur	1
mmodumpulkika/	1
mmodumbul	1
mmodoḵkina	1
mmodiṯa	1
mmodirkunu	1
mmodira	1
mmodila	1
mmodhuya	1
mmodhuruma	1
mmodhun	1
mmodhuki	1
mmodhodhu	1
mmodhodhi	1
mmodhi’thkunu	1
mmodhi’th	1
mmodhidha	1
mmodhelela	1
mmodhel	1
mmodhaŋ	1
mmodhas	1
mmodhalu	1
mmodhalaa/	1
mmodeḵa	1
mmodeena	1
mmode	1
mmodarka/	1
mmodaḵa	1
mmoda/arka/	1
mmoc̱wany	1
mmoc̱u’th	1
mmoc̱ora/	1
mmoc̱iyaa/	1
mmoc̱itha	1
mmoc̱inu	1
mmoc̱ina	1
mmoc̱ikina	1
mmoc̱ekerki	1
mmoc̱e	1
mmoc̱a’bku/	1
mmoc̱a’bki	1
mmoc̱aca/	1
mmocuuna	1
mmocuna	1
mmocukunu	1
mmocukina	1
mmoci’c	1
mmocil	1
mmocic̱a	1
mmocana	1
mmocaaca	1
mmoburushi	1
mmobumburku/	1
mmobumbur	1
mmobul	1
mmoboṯkina	1
mmoboṯka	1
mmobiṯu/	1
mmobiṯku	1
mmobe’d	1
mmobene’d	1
mmobele’th	1
mmoba’kkunu	1
mmobat͟hi	1
mmobat͟haa/	1
mmo/umkina	1
mmo/oyu/	1
mmo/oku	1
mmo/okina	1
mmo/ohon	1
mmo/iiyina	1
mmo/ell	1
mmo/eḵa/	1
mmmoc̱ikina	1
mmin	1
mmiikina	1
mmiga/	1
mmanakan	1
mmahani	1
miṯiliini	1
misp̱ah	1
mishmaa/	1
mishkunuwa	1
mishi’d	1
mishiŋ	1
mishini	1
mishgaa	1
misha/iil	1
misar	1
mira	1
miiwaḵa	1
miiwac̱	1
miiriba	1
miiny’coḵam	1
miinyc̱ala	1
miinycuru/	1
miinyca	1
miimp̱us	1
miimiiya	1
miimeri	1
miilaṯṯ	1
mibsar	1
mibsaam	1
me’dyini	1
meṯa/	1
meruwa	1
meriba	1
menaan	1
mbwambora	1
ma’dinya	1
maŋkunu	1
maŋgalamaŋgal	1
maŋgal	1
maŋaski’d	1
maŋana	1
mat͟h	1
maṯaan	1
maṯ	1
mattat͟ha	1
mathrid	1
mathaŋ’kur	1
masriigah	1
masmuuri	1
masmuura	1
masiyya	1
mashkunu	1
masha’di	1
masha’da	1
masha’d	1
mara’d	1
maraa/	1
mara/	1
man’thup̱	1
man’kawur	1
man’dish	1
man’cuḵa	1
man’ce’da	1
man’ce’d	1
man’boru	1
man’bitha	1
manyol	1
manyeḵa	1
manyandhe/	1
manya	1
manṯo’k	1
manṯel	1
mantiil	1
manthutha	1
manthip̱a	1
mantharamandhar	1
mantham	1
manta	1
mansus	1
manshwa	1
manrica	1
manp̱a/	1
manpwaḵki	1
manpwaḵ	1
manpal	1
mannyaŋ	1
mannyaḵa	1
mannan	1
mann	1
manmish	1
manmer	1
manmalasa	1
manluŋa	1
manluŋ	1
manluḵ	1
manḵora	1
manḵor	1
mankaru	1
manji	1
manjeeya	1
mandor	1
mandi	1
mandhuwa	1
mandhas	1
mandha/	1
mandaḵ	1
manbu’th	1
manbora	1
manasuun	1
manaayin	1
manaahah	1
man/as	1
man/anan	1
malla/	1
malḵus	1
malḵi/iil	1
malimbu’da/	1
maliimi	1
mali	1
malaya	1
malasuwa	1
malasu	1
malaskunuwa	1
malaskika/	1
malasa	1
maḵḵiyyan	1
maḵḵiyya	1
maḵa/	1
maktab	1
majduul	1
majdi/iil	1
majdal	1
mahli	1
mahlah	1
mahithab/iil	1
mahansan	1
mahanaayim	1
madyaan	1
madhan’kur	1
maday	1
madaan	1
maakiir	1
maakah	1
maadi	1
maadahab	1
ma/aat͟h	1
lu’kki’d	1
luŋḵi	1
luŋku’d	1
luŋki’d	1
luŋgu’bi	1
luŋgu’ba	1
lulki’d	1
lulkina	1
luḵuwa	1
luḵa	1
lukumu	1
lukum	1
lugumi	1
lugki’d	1
ludim	1
lud	1
lu/u’d	1
lu/u	1
lu/ki’d	1
lu/kin	1
lo’bki’di	1
lo’bi	1
losina	1
lonthot͟h	1
londhot͟h	1
lolop̱u	1
lolop̱ki’da	1
lolop̱kina	1
lolki	1
lol	1
lo/iis	1
lisaniyuus	1
linus	1
linthit͟h	1
likiyya	1
liil	1
libni	1
libiyya	1
libarṯiin	1
li/	1
leke’thkunu	1
lege’th	1
layina	1
laṯu/	1
laṯa/	1
lathushiim	1
lasaa/iya	1
lany	1
lan	1
lamuwa	1
lamki’d	1
lamkina	1
lambalanyi	1
lali	1
lala	1
laḵkunu	1
laki	1
lakaŋ	1
lahi	1
lahabiim	1
lac̱am	1
laasha/	1
la/ummiim	1
ḵwojuwa	1
ḵwashara/	1
ḵwar	1
ḵwalkunu	1
ḵwalki’da	1
ḵwali	1
ḵwalal	1
ḵwaku/	1
ḵwaki	1
ḵwa/uwa	1
ḵwa/m	1
ḵwa/a’da	1
ḵwa/am	1
ḵwa/a	1
ḵu’thkunu	1
ḵuyu’d	1
ḵuyi/	1
ḵuyaḵuy	1
ḵuthi/	1
ḵusskun	1
ḵusi	1
ḵursem	1
ḵurse/	1
ḵurkun	1
ḵuri	1
ḵura	1
ḵup̱a	1
ḵun	1
ḵumu	1
ḵuluwi	1
ḵuluny	1
ḵulkun	1
ḵukuskunuwa	1
ḵukuski’da	1
ḵukuski’d	1
ḵucuru/	1
ḵucuru	1
ḵucurkunu	1
ḵucaŋa	1
ḵrist͟hosthus	1
ḵrist͟hosi	1
ḵo’ckina	1
ḵo’cki	1
ḵorki’da	1
ḵorki	1
ḵomo/	1
ḵoḵoraḵoḵor	1
ḵoka/	1
ḵoka	1
ḵoju	1
ḵogi	1
ḵo/uwa	1
ḵo/on	1
ḵo/kin	1
ḵo/is	1
ḵiyuus	1
ḵa’dkin	1
ḵa’dkim	1
ḵa’dka	1
ḵa’da’d	1
ḵa’bkunuwa	1
ḵa’bki’da	1
ḵa’bki’d	1
ḵa’bi	1
ḵaŋkamkina	1
ḵawwu	1
ḵawarṯus	1
ḵaskum	1
ḵashiraa	1
ḵashira	1
ḵasaḵas	1
ḵarpaci	1
ḵarmi	1
ḵarki	1
ḵarembuye/	1
ḵarana	1
ḵara/	1
ḵapaṯa/	1
ḵapaṯ	1
ḵanykunu	1
ḵanyki	1
ḵanya	1
ḵanuwa	1
ḵanne/	1
ḵanne	1
ḵankaa/	1
ḵaniisam	1
ḵanaan	1
ḵamu/	1
ḵamsa	1
ḵampar	1
ḵamkina	1
ḵamkin	1
ḵalkunuwa	1
ḵalki’d	1
ḵala/	1
ḵaḵga/	1
ḵaka’c	1
ḵakacaḵaka’c	1
ḵakaca	1
ḵaci	1
ḵaca	1
ḵaa	1
ḵa/ki’d	1
kwaṯṯan	1
kwarkunu	1
kwaraŋ	1
kwara/	1
kwanyu/	1
kwanykunuwa	1
kwanykika/	1
kwanim	1
ku’dum	1
ku’da	1
kuŋgu’b	1
kuyuŋ	1
kuyga/	1
kuush	1
kuurah	1
kus	1
kursi	1
kurbaan	1
kup̱u	1
kunu/	1
kumpa	1
kume’d	1
kulussi	1
kulus	1
kulumkaa/	1
kulki’da	1
kuli	1
kukulkina	1
kukulki	1
kugu	1
ko’dki	1
koyusi	1
koyu/	1
koyohaan	1
kot͟hu	1
kot͟hki’d	1
kot͟ha	1
koro/	1
korkunu	1
konṯaŋka/	1
koluwa	1
kolol	1
kolki’d	1
kolki	1
kolga/	1
kola	1
kokorom	1
koc̱ki	1
ko/	1
kittiim	1
kishun	1
kish	1
kiriskis	1
kiriniyuus	1
kiniidus	1
kilyubaas	1
kiluuba	1
ka’da	1
kaysaro	1
kayiina	1
kat͟hin	1
kaṯhim	1
kaṯan	1
katiliya	1
katili	1
kasṯuur	1
kasluhiim	1
kasiib	1
kashki’d	1
kashkina	1
kasha’d	1
karubiim	1
karmi	1
karkini	1
karbus	1
karash	1
karaan	1
kar/e	1
kap̱u/	1
kap̱turiim	1
kap̱kunuwa	1
kap̱kina	1
kap̱eŋ	1
kap̱en	1
kappadukiyya	1
kanu/	1
kanṯaan	1
kanthi/	1
kanni	1
kankan	1
kandaaka	1
kamuyi	1
kalmani	1
kalmana	1
kalawdi	1
kalap̱idiyya	1
kakunuwa	1
kakulu	1
kakasjayi	1
kagusha	1
kadhamoŋ	1
kadhamowa	1
kadhamoonnii	1
kac̱ki’da	1
kabbadukiyya	1
kaasad	1
jwan	1
jwakaṯa	1
jwahan	1
juuni	1
juuj	1
junyu/	1
juliya	1
jo’da	1
joc̱on	1
joc̱o/	1
joc̱kon	1
joc̱ki	1
jji	1
jiyiya	1
jiṯim	1
jiṯ	1
jithirku/	1
jithirki	1
jisho’k	1
jisaŋ	1
jisarro/	1
jirsaŋ	1
jip̱iny	1
jip̱im	1
jip̱i	1
jintura/	1
jimki’da	1
jillo	1
jiḵki’da	1
jiḵa	1
jikunu	1
jiki	1
jiira	1
jihun	1
jigiṯ	1
jidhirki’di	1
jidhirkin	1
jidhirki	1
jibaal	1
je’desh	1
jeṯkum	1
jes	1
jep̱u	1
jep̱i	1
jeeŋ	1
jeeya	1
jeena	1
jattiyya	1
jasse/	1
jasa/	1
jaroŋ	1
jap̱em	1
janya/	1
jana/	1
jalluggam	1
jallugga/	1
jalbip̱	1
jahanneyi	1
jabuthi	1
jabudhi	1
jabudha	1
jabbaat͟ha	1
jaat͟har	1
jaaham	1
jaadi	1
i’twaŋkal	1
i’tu’dkunu	1
i’tu’d	1
i’thot͟h	1
i’thona/	1
i’thirkika/	1
i’theḵkunu	1
i’teka/	1
i’tashu	1
i’tampalkina	1
i’tam	1
i’kwarki	1
i’kwara’di	1
i’kwaniny’cesh	1
i’kwanim	1
i’kuyi’de/	1
i’kuwosh	1
i’kup	1
i’kunykika/	1
i’kunya’kuny	1
i’kuny	1
i’koshkina	1
i’koshki	1
i’kokina	1
i’ka’di	1
i’kawurkina	1
i’dishkin	1
i’dishesan	1
i’disha’dish	1
i’disha	1
i’de/	1
i’dap̱kan	1
i’cuḵkina	1
i’cit͟huwa	1
i’cit͟hkunu	1
i’ce’dkina	1
i’ce’di	1
i’cem	1
i’bora’bor	1
i’bor	1
i’bi’thkin	1
i’baarki’d	1
i’baara	1
i’ba/i	1
iŋkiliis	1
iŋap̱ki	1
iŋa	1
iyul	1
iyuḵkika/	1
iyuḵki	1
iyolkunu	1
iyolki	1
iyol	1
iyip̱i	1
iyima	1
iyim	1
iyerkina	1
iyayi’da	1
iyayi’d	1
iyayina	1
iyan	1
iyakuub	1
iyaki’d	1
iyakina	1
iwuyin	1
iwup̱kina	1
iwuni	1
iwol	1
iwankunu	1
iwana	1
iwaḵkina	1
iwaḵki	1
iwaḵiil	1
iwakina	1
iwagaski	1
iwac̱ki	1
it͟hamaar	1
it͟haam	1
iṯuju	1
iṯo’dkunu	1
iṯo’ckunu	1
iṯo’ckika/	1
iṯo’c	1
iṯoshkika/	1
iṯorkina	1
iṯorkika/	1
iṯorka/	1
iṯori	1
iṯneen	1
iṯimut͟hawuus	1
iṯikiikus	1
iṯeli	1
iṯa’kkunu	1
iṯa’kkina	1
iṯa’kkin	1
iṯa’kki	1
iṯa’k	1
iṯarip̱eena	1
iṯala	1
iṯal	1
iṯaka	1
itimnaa/	1
ithuriyya	1
ithulkina	1
ithulki	1
ithosonki	1
ithoḵki	1
ithoḵ	1
ithimkunu	1
ithim	1
itheke’thkunu	1
itaya	1
itaḵ	1
itakunu	1
itaki’da	1
itakina	1
isu’kkina	1
isuwa	1
isuski	1
isupaaṯarus	1
isunse/	1
isu	1
isṯaḵis	1
israyil	1
israyiiil	1
iski	1
iskariyuuṯi	1
isi’dki’d	1
isiny	1
isimmkika/	1
isilwaanus	1
isila	1
isig	1
ishwayi’d	1
ishwana	1
ishwakin	1
ishwaki	1
ishuwa	1
ishumkunu	1
ishkini	1
ishirkunu	1
iship̱ira	1
ishilki’da	1
ishi/kunu	1
ishi/kina	1
ishi/kika/	1
ishi/i	1
isaŋ’ko’d	1
isan	1
isabal	1
is/haka	1
irwa’ckunu	1
iruḵkina	1
iro’dki	1
iriŋkunu	1
iriny	1
irica	1
iraḵki’d	1
iraḵkina	1
iraḵki	1
iraḵ	1
iraam	1
ip̱u’dki’di	1
ip̱u’dkika/	1
ip̱p̱at͟ha	1
ip̱ir	1
ip̱e’th	1
ipiyu	1
ipiyina	1
ipijallus	1
ipeperkin	1
ipashu	1
ipa	1
inyo/i	1
inyit͟ha	1
inyaḵ	1
inonu	1
inniin	1
iniyaasa	1
iniin	1
ina	1
imu’thki	1
imuna	1
imuguŋ	1
imoŋkush	1
imomis	1
imishu	1
imishki’d	1
imishkin	1
imishi	1
imii’da	1
imiiya	1
imiinu	1
imiikunu	1
ime’da/	1
imaŋ	1
imariyam	1
iman’thot͟h	1
iman’kar	1
iman’do	1
iman’ceya/	1
iman’cem	1
imanŋali	1
imanwot͟ha/	1
imanwar	1
imanwan	1
imanwal	1
imanwaḵa	1
imanwac̱a	1
imanu/iil	1
imant͟huny	1
imanthul	1
imanthoḵa	1
imanthap̱	1
imansora	1
imansor	1
imansho	1
imanshi/a	1
imanshi/	1
imansa	1
imanraḵa	1
imanpwaḵ	1
imanmum	1
imanmiimii	1
imanluŋa	1
imanluḵ	1
imanlo’ba	1
imankola	1
imandwaḵa	1
imandhuna	1
imandhiŋ	1
imanbuḵ	1
imanbujura	1
imanbora	1
imanassa	1
imana	1
iman/uḵ	1
iman/ena	1
iman/en	1
iman/anan	1
iman/aḵ	1
imalas	1
imahil	1
iluŋkin	1
iluŋ	1
iluḵi	1
iloskina	1
iloski	1
ilos	1
illirikuun	1
iliyaasir	1
ili/assar	1
ilaḵ	1
iḵu’th	1
iḵucurki	1
iḵo/ki	1
iḵa’dki’da	1
iḵa’damaḵa’dam	1
iḵa’bkina	1
iḵankina	1
iḵankin	1
iḵanki	1
iḵalkina	1
iḵalki	1
iḵala	1
iḵal	1
ikwanykina	1
ikup̱	1
ikuniyya	1
ikulumkina	1
ikulumki	1
ikuluma	1
ikoḵ	1
ikarki	1
ikankunu	1
ikankika/	1
ikana	1
iji’da	1
ijim	1
ijidhirkina	1
ijamasa/	1
iiyi/	1
iiyan	1
iiya	1
iiri	1
iiny	1
iimpem	1
iilah	1
iil	1
iihi	1
ihuri	1
ihurga/	1
ihithi	1
ihilki’da	1
ihilkina	1
ihe’thki’da	1
ihashkina	1
ihashkin	1
ihakiim	1
igwoki’d	1
igusu/	1
iguskina	1
igumbway	1
igukina	1
igoŋkina	1
igasiisa	1
igami	1
idoṯki	1
idosh	1
idor	1
idoḵu/	1
idi’di	1
idiyi’di	1
idiyi’d	1
idiya	1
idir	1
idinuki	1
idinin	1
idika/	1
idhuna	1
idho’thki’da	1
idho’thki	1
idherkina	1
idheres	1
idheleladhelel	1
idhaŋa	1
idhancom	1
idhana	1
idhala	1
ideŋkina	1
idaran	1
idar	1
idaḵ	1
ic̱orkina	1
ic̱orkika/	1
ic̱orkaa/	1
ic̱i’thki	1
ic̱iŋkinam	1
ic̱iya	1
ic̱is	1
ic̱ikunu	1
ic̱ikina	1
ic̱a’bkin	1
ic̱a’bi	1
ic̱a’b	1
iciḵki’da	1
iciḵki	1
iceshki	1
icaki’d	1
ica	1
ibwaye	1
ibwamana	1
ibu’thkunu	1
ibu’thkina	1
ibu’thkin	1
ibu’thkika/	1
ibuŋ’kusi	1
ibuŋ’kup̱	1
ibuṯi	1
ibuḵ	1
ibraniyiina	1
iboli	1
ibe’dki	1
ibeeyabee	1
ibarnaabam	1
ibampa/	1
ibal	1
ibahkina	1
ibagki	1
ibaga	1
i/ushki’d	1
i/ur	1
i/uḵki	1
i/o’d	1
i/issi	1
i/ishi	1
i/ish	1
i/iiyu/	1
i/iiyina	1
i/en	1
i/eḵki’d	1
i/eḵkin	1
i/at͟hka/	1
i/askari	1
i/ashim	1
i/ashi	1
i/arisṯarḵus	1
i/aman	1
huusha	1
hushim	1
hurkina	1
hurkika/	1
hurib	1
hup̱p̱iim	1
hul	1
hubah	1
homo’th	1
hoki	1
hi’thkin	1
hi’thka	1
hiyarabulis	1
hit͟h	1
hirudiyuun	1
hirdheŋ	1
hilsaŋi	1
hilsaŋ	1
hilkina/	1
hilka/	1
hili’d	1
hiliŋgwoŋḵan	1
hiliya	1
higgaion	1
hidhuwa	1
hiddaagil	1
hibruun	1
he’kkunuwa	1
hethu	1
hetha	1
heri	1
hemam	1
hemaan	1
hem	1
hedha	1
ha’thki	1
ha’b	1
hayyi	1
hayaa/	1
hay	1
hawb	1
hathit͟h	1
hatha’do’d	1
hathat͟h	1
hasu	1
hassuun	1
hasli	1
hashki’d	1
harmujanis	1
harmiis	1
harmajadduun	1
harmaas	1
harkunu	1
hanuuḵ	1
hanna	1
hankunu	1
hankina	1
hani	1
hanaan	1
hamul	1
hamki	1
hamdaan	1
hamaat	1
halip̱a	1
halaskunu	1
halas	1
hala/hala/	1
hakuumam	1
haku	1
hakaski	1
hakas	1
haju/	1
hajji	1
haduraam	1
hadharmoot	1
hac̱kina	1
haajar	1
haabar	1
gwoyunu/	1
gwoyi	1
gworki’d	1
gwonyc̱al	1
gwonṯori	1
gwonṯora	1
gwonṯal	1
gwonthusa	1
gwono’dkin	1
gwoliŋgwot͟ha/	1
gwoho	1
gwohe	1
gwa’di	1
gwa’dgaŋ	1
gwa’dgam	1
gwa’dgaa	1
gwa’de/	1
gwayum	1
gwayu	1
gwaṯṯaan	1
gwaṯh	1
gwaṯan	1
gwasin	1
gwasimbip̱	1
gwara	1
gwap̱indhop̱	1
gwapi/	1
gwan’thim	1
gwanyjaḵaŋ	1
gwany	1
gwani	1
gwana’dkina	1
gwamuwa	1
gwamp̱i/	1
gwamkina	1
gwamkin	1
gwama/	1
gwajayilil	1
gu’d	1
guŋkulus	1
guŋkulisa	1
guŋgulu	1
guyi’da	1
guyi’d	1
guurushi	1
gusu’di	1
gusu’d	1
guski’di	1
gusi’da	1
gusina	1
gusi	1
gusam	1
gurunyki	1
gurra/	1
gurkom	1
guremu/	1
gurem	1
guraab	1
guni	1
gump̱a/	1
gumpan	1
gumme/	1
gumm	1
guma	1
gulan	1
gula/	1
gula	1
goŋi	1
goyina	1
goru	1
gorra	1
goro’da	1
gorkina	1
gori	1
gop̱	1
goluwa	1
golu	1
golo’da	1
golki’da	1
golkinki	1
golkina	1
golki	1
gola	1
goki’d	1
gocor	1
go/	1
girish	1
giin	1
gidyuun	1
gidruun	1
gidmah	1
ghalathiyya	1
genissi	1
ga’bula	1
gaŋgashan	1
gaŋgasha/	1
gaŋgaraŋ	1
gaskina	1
garu	1
garrne/	1
garaa	1
gar	1
gapa	1
ganya/	1
gane/	1
ganaŋ	1
ganankunu	1
gananka/	1
gamuwa	1
gamu/iil	1
gamu/	1
gamm	1
gameh	1
gama’d	1
galali	1
gal	1
gagala/	1
gadmuun	1
gac̱kunuwa	1
gac̱kunu	1
gac̱ki’di	1
gabusha	1
gabula	1
ga/ka/	1
eŋgwari	1
eŋgwamash	1
eŋgula	1
eyi	1
eyan	1
ep̱ah	1
en’thin	1
en’dap	1
eny’ce’d	1
enuun	1
enthusa	1
enkika/	1
enina	1
enena	1
enen	1
endor	1
elsap̱aan	1
elohe	1
elmudaam	1
elḵana	1
eliyagiim	1
eliyaasir	1
eli/asar	1
elda/ah	1
eḵu/	1
eḵu	1
eḵkunu	1
eḵkina	1
eḵkika/	1
eḵa/eḵ	1
eḵa	1
ekatinta	1
ehe/	1
eh	1
eenmishp̱aath	1
eeh	1
eee	1
eebaal	1
e/	1
dwarki’di	1
dwarki	1
dwallki’da	1
dwalliŋ	1
dwaḵa	1
du’dushki’da	1
du’dushki’d	1
du’du/	1
duŋkuru/	1
duŋkuru	1
duŋkurkunuwa	1
duŋkurkunu	1
duŋkurkina	1
duŋkurkin	1
duŋguru/	1
duwaag	1
duumah	1
durusilla	1
duraa/	1
dup̱una	1
dup̱e/	1
dumpulki’d	1
dumbulkin	1
dumbulkika/	1
dumbulki	1
duḵaduḵ	1
duḵa	1
dukkaan	1
dudup̱a	1
dudup̱	1
dudaniim	1
doṯo’da	1
doṯkika/	1
doṯga/	1
doshon	1
doshkunu	1
dorkunuwa	1
dora/	1
doḵko’d	1
doḵkini	1
doḵkika/	1
doḵki/	1
doḵ/eyi	1
di’bu/	1
di’bka/	1
di’ba	1
diyunisiyuus	1
diyi’di	1
diyi’da	1
diyi’d	1
diṯkin	1
diṯini	1
dishki’d	1
dirkunu	1
dirkini	1
diri’da	1
dirina	1
dinu	1
dininki’da	1
dininki	1
dinhaabah	1
dilunu	1
diḵu	1
diḵa	1
diib	1
dihal	1
diglah	1
dhuŋ	1
dhuyunu	1
dhuya	1
dhurumkunu	1
dhurumi’d	1
dhun	1
dhula	1
dho’thki’d	1
dhot͟ha	1
dhothu	1
dhoro’thkina	1
dhorothu	1
dhora	1
dhor	1
dhop̱a	1
dholgwon	1
dhodhu/	1
dhodho’da	1
dhodhona	1
dhodhon	1
dhi’thunu	1
dhi’thki’d	1
dhi’thkina	1
dhi’c	1
dhithi	1
dhitha	1
dhisal	1
dhirriny	1
dhip̱a	1
dhim	1
dhii/i’da	1
dhii/ini	1
dhidhu	1
dhidha	1
dhi/i’da	1
dhe’th	1
dherkin	1
dhere’di	1
dhereski’d	1
dhereskin	1
dheresa	1
dhemam	1
dhelu/	1
dhelki	1
dheli	1
dhelelini	1
dhelelgam	1
dhelela	1
dha’k	1
dha’bkina	1
dhaŋu	1
dhaŋkina	1
dhaŋka/	1
dhathu/	1
dhani	1
dhanaŋ	1
dhanaa	1
dhalku	1
dhalina	1
dhagamkunuwa	1
dhagamkina	1
dhagama	1
dhagale/	1
de’da	1
denu	1
deḵadeḵ	1
dekina	1
dee’d	1
deenuwa	1
deen	1
dat͟han	1
daru/	1
darkina	1
darka/	1
dari	1
daradar	1
danluuka	1
dani/aal	1
damaris	1
dalmathiyya	1
dalmanut͟ha	1
daḵkunu	1
daḵkan	1
daḵi	1
daḵana	1
dac̱ara/	1
dabuurah	1
da/	1
c̱wanykunu	1
c̱wanykin	1
c̱wanya	1
c̱u’thki’da	1
c̱u’thkina	1
c̱unthar	1
c̱umpulkina	1
c̱umpulgam	1
c̱umpul	1
c̱umbulki	1
c̱udhu/	1
c̱orosa/	1
c̱oros	1
c̱oriya	1
c̱i’thkunuwa	1
c̱i’thki’da	1
c̱i’thki	1
c̱i’thka/	1
c̱iŋŋaŋ	1
c̱iŋŋam	1
c̱iyi’da	1
c̱iss	1
c̱isina	1
c̱inuye	1
c̱inum	1
c̱inthira	1
c̱inthir	1
c̱iiyi	1
c̱i/	1
c̱eyi	1
c̱emesa	1
c̱emes	1
c̱eki	1
c̱eeki	1
c̱a’ckona	1
c̱a’ckin	1
c̱a’b’ko’d	1
c̱a’bka’da	1
c̱awwo/	1
c̱ani	1
c̱ali	1
c̱aantan	1
cwanyjet͟hkum	1
cwandher	1
cwampu/	1
cuwa	1
cuu’di	1
cuu’da	1
cuuyunu	1
cuuyi	1
cuuwaŋ	1
cuuni	1
cuuka/	1
cunycumki’d	1
cuki’di	1
cuc̱u/	1
cuc̱kunu	1
copubliyuus	1
coma	1
coalaksandarus	1
ci’c	1
cise/	1
cineyi	1
cineya	1
cili	1
ciḵkunuwa	1
ciḵi/	1
ciḵga/	1
ciki	1
cic̱u	1
cic̱ki’da	1
cic̱kini	1
cic̱in	1
ceŋjal	1
cesuwa	1
cesu/	1
cesa	1
cena	1
cen	1
celkunu	1
ceḵ	1
ceki	1
ca’di	1
cayi	1
canye	1
campuri	1
cal	1
caki’da	1
caki	1
cade	1
c	1
bwaŋ’kwarany	1
bwaŋ’kup̱	1
bwaŋ’kunygam	1
bwaŋḵa’dki/	1
bwaŋgwayum	1
bwaŋgwayu/	1
bwayam	1
bwany’ceŋ	1
bwanykin	1
bwanycwaŋ	1
bwanycin	1
bwanu’ba	1
bwamp̱owa	1
bwamme’d	1
bwambora	1
bwaki’d	1
bwaashowa	1
bwaasho/	1
bwaam	1
bwaakunu	1
bwaakina	1
bwaakika/	1
bwaagoŋi	1
bwaabuuy	1
bu’thkunuwa	1
bu’thka	1
buyy	1
buyeŋ	1
buwanarjis	1
buuw	1
buus	1
but͟h	1
buṯki’di	1
buṯkin	1
buthi/	1
busrah	1
businyaŋ	1
businya/	1
bush’ko’d	1
bushura/	1
bushur	1
bush	1
burushki’da	1
burushki’d	1
burushkina	1
burusha	1
burta/	1
burrinye/i	1
burkin	1
bura	1
bunycani	1
bunya	1
buntus	1
bunin	1
bumburusha	1
bumburku/	1
bumburkina	1
bumbur	1
bumbum	1
bulu	1
bulkina	1
buli	1
bula	1
buḵu/	1
buḵkunu	1
buḵkina	1
buḵka/	1
buḵina	1
buka	1
bujuruwa	1
bujuru	1
bujurkunuwa	1
bujurki’da	1
bujurki	1
budis	1
bucurki’d	1
boṯkunu	1
boṯki’d	1
boṯan	1
boṯ	1
boruwa	1
boru	1
borki’da	1
borkin	1
bononi	1
bomboḵ	1
bolu	1
boloc̱kina	1
bolina	1
bola	1
bojor	1
boc̱kona	1
boc̱ki’da	1
boc̱kina	1
boc̱ki	1
boc̱a/	1
bocora	1
bi’c	1
biṯu/	1
biṯki’doo	1
biṯi’da	1
biṯi’d	1
biskwiita	1
bisaŋ’ko’d	1
birshaa/	1
birkina	1
biriya	1
birina	1
biri	1
birbir	1
bip̱i	1
binycwa	1
billa/	1
biliṯki’d	1
biliṯki	1
biliṯi/	1
bilhaan	1
biiri	1
be’dki’da	1
be’daa/	1
berḵam	1
berkam	1
bere’thkina	1
beredha	1
berag	1
benyamiina	1
bene’dkina	1
ben/uuni	1
ben/ammi	1
bele’thkunu	1
bele’thki	1
beeṯ/hisda	1
beena	1
ba’kkunu	1
ba’kki	1
ba’d’ban	1
ba’dgam	1
ba’dga/	1
ba’de/	1
ba’daba’d	1
baŋgalkunu	1
baŋgalki	1
bat͟hu/	1
bat͟htho/	1
bat͟hshaba/	1
bat͟hkunu	1
bat͟hki’d	1
bat͟ha’da	1
bat͟ha’d	1
bat͟haa/	1
bat͟ha/	1
baṯerubaas	1
batinta	1
bathmus	1
basuur	1
baryashuu	1
barsiis	1
barr	1
barkunu	1
barki’da	1
barkina	1
bari	1
bargum	1
bara’th	1
baraŋku/	1
baraḵiyya	1
barag	1
bap̱ki’d	1
bap̱ani	1
bamma	1
bamaa	1
bali/aal	1
balapip̱i	1
bala/	1
baḵkin	1
baḵki	1
baḵ	1
bakuut	1
bakatayee	1
bakataye	1
bahkunu	1
baha’da	1
baguwa	1
bagki’d	1
bagkin	1
bagka/	1
bagal	1
bade/	1
badaad	1
babaŋgal	1
baban	1
babalalu/	1
baara’d	1
baara/	1
baalsip̱uun	1
baalsap̱un	1
baalaag	1
baakar	1
ba/uur	1
ba/ata	1
ba/a	1
b	1
a’tu’di	1
a’tu’d	1
a’tum	1
a’thup̱uny	1
a’tho	1
a’thim	1
a’kume’d	1
a’kaŋ	1
a’kany’cesh	1
a’doŋgoro/	1
a’diŋkila/	1
a’diyini	1
a’diheye	1
a’di/	1
a’dansan	1
a’danni	1
a’dahan	1
a’ciŋgwat͟h	1
a’cim	1
a’cesha	1
a’borim	1
a’bana	1
a’ban	1
aŋul’kup̱	1
aŋkirre/	1
aŋkaski’d	1
aŋkarkin	1
aŋkar	1
aŋkala/aŋkal	1
aŋgar	1
ayyah	1
ayy/ayy/ayy/am	1
ayuub	1
ayo	1
ayisha	1
ayisany	1
ayir/em	1
ayica	1
aye/iŋ	1
ayana	1
ayaase	1
aya/uush	1
awuu	1
awushan	1
awusha/	1
awuny	1
awukura/	1
awu	1
awolgwap̱im	1
awiit	1
awa’bpa/	1
awarkam	1
awar	1
awanyam	1
awaḵiil	1
at͟hki’d	1
at͟hkina	1
at͟hkin	1
at͟hki	1
at͟hi	1
at͟ha’d	1
at͟han	1
aṯuuma	1
aṯuca	1
aṯṯaaliya	1
aṯo’c	1
aṯirrish	1
aṯimut͟hawuus	1
aṯaŋ	1
aṯarṯullus	1
aṯacum	1
aṯa/i	1
aṯa/	1
atora	1
athuruḵa	1
athuruḵ	1
athunya/	1
athit͟hin	1
athiina	1
atenten	1
ateen	1
ataraḵuniiṯis	1
asuwa	1
assiir	1
aski’da	1
asiri’c	1
asinḵiriiṯus	1
asimraan	1
asiman	1
asimaan	1
asihyuun	1
asi/is	1
ashurem	1
ashun	1
ashu	1
ashtarut͟hgarnaayim	1
ashshuriim	1
ashom	1
ashokom	1
ashkanaas	1
ashim/uun	1
ashi/m	1
ashi/	1
ashduu’d	1
ashbiil	1
ashbaan	1
ashawuul	1
asbuun	1
arwaad	1
aruudi	1
arumimisi	1
arumgumis	1
arumgiimis	1
artimas	1
arḵilaawus	1
aristubulus	1
arin	1
ari/	1
argi	1
areta	1
ard	1
arau/iil	1
arasṯus	1
arasthuus	1
arasan	1
ararath	1
arak	1
arac̱pa/	1
arabiyyam	1
arabiyaŋ	1
araastus	1
araan	1
ar/iili	1
ap̱uudiya	1
ap̱unthar	1
ap̱u/	1
ap̱on	1
ap̱niiki	1
ap̱itḵuus	1
ap̱iny	1
ap̱e’do/	1
apure/	1
apuluniyya	1
appiyuus	1
appen	1
apinya/	1
apikuur	1
anyora	1
anynye	1
anyert͟ha/	1
anyaŋ	1
anyaḵ	1
anuŋkure/	1
anuuh	1
anṯibaṯriis	1
antibas	1
anni’dan	1
anir	1
andaruunikus	1
anayi	1
anas	1
ananu	1
anamiim	1
anahannee	1
anagkan	1
anadaab	1
amusayi	1
amusan	1
amurathi	1
amup̱tha/	1
amuguwa	1
amudhiir	1
amp̱ipuliis	1
amorbip̱i	1
amorbip̱	1
amor	1
amiriyam	1
aminadab	1
amilkah	1
ameeŋkuuyu/	1
ameeny	1
ambiliyas	1
amaŋ	1
amasiyya	1
amariny	1
aman’tho	1
aman’ta’b	1
aman’kwar	1
aman’cit͟haa/	1
aman’cit͟h	1
aman’ce’da	1
aman’bor	1
amanŋali	1
amanyera	1
amanyer	1
amanyam	1
amanwar	1
amanwala	1
amant͟hu’th	1
amanthoḵa	1
amanta	1
amansora	1
amanshu’b	1
amanp̱a/	1
amanpwaḵ	1
amanpur	1
amanpiya	1
amanpal	1
amannyaŋa	1
amannyaḵa	1
amanna/	1
amanmish	1
amanmer	1
amanmalas	1
amanluŋ	1
amanluḵ	1
amanlogom	1
amanḵor	1
amanḵogu	1
amankar	1
amanjinuwa	1
amanji/a	1
amangwam	1
amangora	1
amangarr	1
amandoṯ	1
amandil	1
amandiki	1
amanc̱or	1
amanciḵa	1
amancesh	1
amanbu’th	1
amanbujura	1
amanbola	1
amanbat͟h	1
aman/ush	1
aman/uḵa	1
aman/ena	1
aman/en	1
aman/aḵ	1
amamanthar	1
amaliḵa	1
amalik	1
amaḵḵiyam	1
alwaan	1
alwaah	1
aluuka	1
aluthan	1
alp̱een	1
almudad	1
almaŋa’th	1
alluun	1
alishaba/	1
aliman	1
aliishah	1
aliisha	1
aliim	1
alaap̱a	1
aḵwarma’c	1
aḵwalal	1
aḵuwa	1
aḵursin	1
aḵursim	1
aḵura	1
aḵuku/	1
aḵlimandus	1
aḵki’da	1
aḵka’da	1
aḵimaalik	1
aḵaniisaŋ	1
aḵan	1
aḵam	1
aḵaa/ikus	1
aḵa/	1
akulp̱e/	1
akoroḵ	1
akkad	1
akeldama	1
akayiin	1
akarniliyuus	1
akap̱e/	1
akap̱e	1
akan	1
akammun	1
akakasha	1
ajji	1
ajindhiir	1
ajeŋ	1
ajesh	1
ajem	1
ajaye	1
ajap̱p̱am	1
ahussaat	1
ahil	1
ahh	1
aha’th’ko’d	1
ahayi	1
ahabuusa	1
ahabiil	1
ahaawiya	1
aha/yi	1
agwam	1
aguurusha	1
agur	1
agumgum	1
agumem	1
agol	1
aghaliyuun	1
agayiin	1
agasiisa	1
agarisa/	1
agap̱	1
agap	1
agany	1
agangara/	1
agana’th	1
agalany	1
agabul	1
agaan	1
adumiyya	1
adriya	1
adramiṯiniyya	1
adiyin	1
adip̱anya	1
adiinah	1
adhurany	1
adhudhunyaŋ	1
adhora	1
adhop	1
adheŋdhenyem	1
adhas	1
adhancom	1
adhalla	1
adhali	1
adhal	1
adee	1
addi	1
adarha’dam	1
adarha’da/	1
adab/iil	1
ac̱in	1
ac̱i/i	1
ac̱aan	1
aciŋkamu/	1
aciny	1
acimi	1
acima	1
aci	1
abwanyara/	1
abuyymo	1
abulliyyuun	1
abujur	1
abuhanya	1
abshaluum	1
abp̱iyya	1
abomboḵ	1
abogo’b	1
abiram	1
abir	1
abinycwam	1
abinycwalman	1
abimaayil	1
abiliyya	1
abilhah	1
abiihu	1
abiidaa/	1
abi/at͟haar	1
abi/asaap̱	1
abaynitus	1
abasi	1
abarnaaba	1
aballis	1
abalasṯus	1
abadduun	1
aay	1
aanir	1
aamuus	1
aabilmisrayim	1
a/’kwani	1
a/’kaŋ’kup̱	1
a/yi’de/	1
a/yan	1
a/usiny’ce	1
a/ushiŋgwo	1
a/ushala/	1
a/ush	1
a/ulul	1
a/toŋ	1
a/mom’bor	1
a/momer	1
a/mo/en	1
a/miim	1
a/me’d	1
a/ḵrist͟hos	1
a/kun	1
a/ka	1
a/iss	1
a/ishaya	1
a/iisu	1
a/gwoŋḵan	1
a/gom	1
a/et͟haan	1
a/elip̱aas	1
a/dhala	1
a/bunya/	1
a/baraabas	1
a/ba	1
a/askar	1
a/ara	1
a/aman	1
a/am	1
a/aḵrist͟hos	1
a/aḵnuuḵ	1
a/aḵ	1
a/abraam	1
/eyi	1
/eye	1
/eeyyee	1
/aki	1
